text,annotator1,label
xin mid gánh team với,0,0
bạn ơi,0,0
cho mid là win,0,0
câm à,1,1
cầm thanh tẩy,0,0
15 ff,0,0
vcl sợ thế,1,1
vãi cả lồn sợ thế,1,1
bên nào ff,0,0
nói cho rõ vào,0,0
4 đứa,0,0
đánh,0,0
đánh ngu như thế này ff là đúng rồi,1,1
thoát ra,0,0
che cho tao,0,0
rồi tao chết à,0,0
chết được à,0,0
buff xong thì thoát ra,0,0
che được thì tốt,0,0
cứ ở trong làm gì,0,0
chia dame cho tao,0,0
về,0,0
nó gank hoài mà đẩy cho cao,0,0
lắm mõm ít thôi,0,1
đừng nói nhiều,0,0
ngu thì nói,1,1
tao ngu quá,0,1
thằng ngu sủa lắm 1 5 cdm,1,1
thằng ngu sủa lắm 1 5 con đĩ mẹ,1,1
feed ít thôi bố còn gánh được,0,0
bố xin,0,0
mai mẹ mày chết,1,1
rủa đi rồi nó vận vào người ý,0,0
ping ra,0,0
đứng đó làm cc gì,1,1
đứng đó làm con cặc gì,1,1
thằng ngu,1,1
15 ff,0,0
qua rồng đi,0,0
đấy ff đi,0,0
bảo ra che đi,0,0
che sóng âm đấy,0,0
nó đập tao 2 cái chết rồi,0,0
thì mày chết đi,0,0
hi sinh,0,0
cho tao,0,0
ad nó bot rồi,0,0
nó thiếu người,0,0
ăn đi,0,0
đánh mid với bot,0,0
đi em,0,0
15 ff của em đúng rồi đấy,0,0
có rừng mà,0,0
có trừng phạt ăn đi,0,0
tao def top cho,0,0
cút,1,1
mày lên đây làm gì thế ashe,0,0
ad ngu vậy,1,1
vc,1,1
vãi cặc,1,1
tính dame như cc,1,1
tính dame như con cặc,1,1
còn ẳng làm gì,1,1
lo xong cái thân con đi,0,0
tí tuổi đầu đã dám cãi lại bố rồi,0,0
sp hay thế mà ad thì ngu lol,1,1
sp hay thế mà ad thì ngu lồn,1,1
mày bắn cái gì đấy,0,0
con chó,1,1
ad làm cặc gì vậy,1,1
má không chết,0,1
nó sợ luôn rồi,0,0
về không anh giết giờ,0,0
dcm đánh blue không mất máu,1,1
địt con mẹ đánh blue không mất máu ,1,1
bọn củ l,1,1
bọn củ lồn,1,1
quá đằng cấp,0,0
nói gì đi,0,0
lag quá không nhìn thấy đc,0,0
thế vẫn dính sóng âm,0,0
cho mày khỏi chơi game đấy,0,0
có gì thắc mắc hả em,0,0
thằng lồn đâu ra tao bảo,1,1
sao pha trước không kéo sp nó vô,0,0
chơi luôn,0,0
mày nhìn vậy thôi,0,0
chứ tao mong manh lắm,0,0
ngu,1,1
điên à,1,1
nó stun tao,0,0
dm quái vật,1,1
địt mẹ quái vật,1,1
mày ra mid đi,0,0
vcl,1,1
vãi cả lồn,1,1
mẹ,1,0
thằng sp unti vc,1,1
thằng sp unti vãi cặc,1,1
con mẹ,1,1
hỏi thằng sp nó có thể dùng não chơi game được không,0,0
con mẹ,1,1
tao quỳ,0,0
tác dụng của mày là gì vậy sp,0,0
kệ mẹ mày,1,1
vcl bọn chia team,1,1
vãi cả lồn bọn chia team,1,1
rác vcl,1,1
rác vãi cả lồn,1,1
gà,1,1
vl,1,1
vãi lồn,1,1
sao không lại gần đây,0,0
xa vậy sao tao sp,0,0
bot đổi lane cho top á,0,0
ra mid chi,0,0
chịu rank bạc là đúng,0,0
đớp đc thằng mid chứ có cái lồn gì mà gớm,1,1
zed đợi tý nữa tao bắn cho thì lại tụt hết buồi vào,1,1
sợ không bắn nổi,0,0
rải nấm đi bồ,0,0
đéo phải cứ đi đẩy trụ đâu,1,1
sủa cc,1,1
sủa con cặc,1,1
tao bắt sp nó,0,0
lẻ cc,1,1
lẻ con cặc,1,1
ngu câm,1,1
non,1,1
pick ad vào sp,0,0
chứ tui pick lane ad,0,0
nó ra sp,0,0
cảm ơn ông nhiều nha,0,0
ad hồi máu ,0,0
đánh thế thì thôi,0,0
bình tĩnh cc,1,1
bình tĩnh con cặc,1,1
đéo hiểu,1,1
nghĩ cái cc gì trong đầu,1,1
nghĩ cái con cặc gì trong đầu,1,1
rừng,0,0
top không r,0,0
lên gank nè,0,0
sao không nhường cho mid,0,0
sao ad không di chuyển gì vậy,0,0
nó đang đẩy,0,0
cái đi biến về hết vậy,0,0
gặp phải cái team ngu dốt vcl,1,1
gặp phải cái team ngu dốt vãi cả lồn,1,1
làm cc gì cứ bắt sp vậy,1,1
làm con cặc gì cứ bắt sp vậy,1,1
gank ít thôi,0,0
top sao thế,0,0
đánh đi ông,0,0
mid nó lên máu nên trâu lắm,0,0
đánh thằng ấy,0,0
top nó đánh kinh quá,0,0
con chó này,1,1
vl,1,1
vãi lồn,1,1
nói thế thì chịu rồi,0,0
lên ít kháng phép đi top ơi,0,0
bắt tao,0,0
ad bắn yếu quá,0,0
late,0,0
ăn con cặc tao,1,1
đánh thì dở chết thì nhanh xong sủa dơ,1,1
óc gáy,1,1
thấy mấy thằng đồng đội như lồn không,1,1
tuổi lồn,1,1
top ngu thế,1,1
pick còn thua,0,0
ngu học thật,1,1
ăn đi,0,0
đen thế,0,0
ad xuyên giáp,0,0
kháng phép của mày đâu,0,0
t def mid,0,0
con quái vật,0,0
đánh mấy thằng khác trước,0,0
all top về,0,0
đẩy lẻ top đi,0,0
con mẹ,1,1
làm cc gì vậy,1,1
làm con cặc gì vậy,1,1
dốt thật,1,1
rồng 4,0,0
4 con hóa kỹ,0,0
tới ông nội nó còn mạnh,0,0
dm 2 thằng ngu,1,1
địt mẹ 2 thằng ngu,1,1
gà vc ra,1,1
gà vãi cặc ra,1,1
dm,1,1
địt mẹ,1,1
sát bên hụt,0,0
càng đánh càng ngu,1,1
mẹ ad gà,1,1
rồi mày hay chưa,0,0
sủa cl,1,1
sủa cái lồn,1,1
xin blue cái,0,0
mẹ ad ngu,1,1
tiếc chiêu,0,0
ẳng c l,1,1
ẳng cái lồn,1,1
d mm ngu vừa thôi,1,1
địt mẹ mày ngu vừa thôi,1,1
tiếc con gái mẹ m hả,1,1
sủa con đĩ mẹ mày,1,1
cút,1,1
chạy à,0,0
mắc cái lồn gì ff,1,1
mắc cái lồn gì ff,1,1
đừng gg,0,0
tao bấm nhầm,0,0
thằng lồn nào cứ bấm gg thế,1,1
ko biết ping à,0,0
ở nhà lên,0,0
từ từ,0,0
trời ơi,0,0
R 2 mà,0,0
umk,0,0
gấp quá,0,0
lag quá,0,0
fps 50,0,0
không là ăn 3 chết 0 đó,0,0
mẹ nó,1,1
rồi sao,0,0
không lên cái vô danh,0,0
mid blue,0,0
đút sâu qua sao rút không kịp,0,0
cho nó cướp cũng được,0,0
quăng game,0,0
rank này là vậy mà,0,0
ping không về kêu quăng,0,0
rừng nó xanh là mình afk thôi sp,0,0
vcc,1,1
vãi con cặc,1,1
vẫn tới,0,0
d m,1,1
đụ má,1,1
biết chơi không,0,0
mày đánh zed,0,0
ping lắm thế,0,0
lên đồ vcl,1,1
lên đồ vãi cả lồn,1,1
lên đồ ngu vcl,1,1
lên đồ ngu vãi cả lồn,1,1
thua đường là phải,0,0
team thì ngon,0,0
mà đánh kém vcl,1,1
mà đánh kém vãi cả lồn,1,1
gank cho như thế rồi,0,0
lên đồ sai,0,0
thua đường,0,0
mà gặp cái team,0,0
ngu vcl,1,1
ngu vãi cả lồn,1,1
đánh cả ngày chán tay vậy,0,0
ff thôi,0,0
chứ ngu vậy,1,1
không ai gank nổi đâu,0,0
d m gank cho mid mạng,1,1
đụ má gank cho mid mạng,1,1
vẫn thua game,0,0
d m xanh mà chỉ biết ở mid,1,1
đụ má xanh mà chỉ biết ở mid,1,1
ko biết đi thì cũng vứt,0,0
nó né vl vậy,1,1
nó né vãi lồn vậy,1,1
thì do kĩ năng thôi,0,0
đánh đi,0,0
câm mồm vào,1,1
ff đê,0,0
đánh cc,1,1
đánh con cặc,1,1
dme lại à,1,1
địt mẹ lại à,1,1
vc,1,1
vãi cặc,1,1
mất hết rồi,0,0
mới đi tè xong,0,0
ad,0,0
t choáng là có mạng,0,0
mấy con chó này gank cc,1,1
mấy con chó này gank con cặc,1,1
má,1,1
chưa tắt,0,0
đóng băng lính,0,0
bot thì win xuống làm gì,0,0
top nó mất hết rồi,0,0
gank cc bố này lên đây,1,1
gank con cặc bố này lên đây,1,1
dc m đéo có dame,1,1
địt con mẹ đéo có dame,1,1
má nó gà quá,1,1
lên hết đây nào thiếu thằng ad chưa lên,0,0
pick đầu hành bố mày mà ngu thế hả con sp 1 lần jung 6 lần mid 1 lần ganh,1,1
thằng óc chó nó ngu thôi nó biết phản ganh 2 quả thì chúng mày bố cân 3,1,1
bảo rồi không sợ kẻ thù mạnh chỉ sợ đồng đội ngu,1,1
đồng đội hay vc l,1,1
đồng đội hay vãi cả lồn,1,1
cứ chửi đồng đội thì làm sao win đc,0,0
địt con mẹ,1,1
dc m ăn kéo luôn đc,1,1
địt con mẹ ăn kéo luôn đc,1,1
ganh tao à con,0,0
sp nó kéo khét đó,0,0
đánh từ từ thôi,0,0
có tốc biến rồi nè,0,0
thằng mid mạnh hơn,0,0
bắt lẻ được thôi,0,0
4 14 nó vẫn không hết ngu,1,1
không win được đâu,0,0
mẹ để nó lên tao ăn nó luôn đánh làm gì,1,1
tao đợi nó lên ăn blue cướp luôn,0,0
lồn mẹ không chết,1,1
lấy top rồi ăn,0,0
ngon cơm,0,0
tự nhiên ngon cơm đẩy bot rồi all,0,0
súc sinh đi rừng ngu,1,1
tao hỏi thật lúc mang bầu mày con mẹ mày ăn nhầm phải cứt à,1,1
con chó ngu này,1,1
đấy thấy chưa,0,0
không đẩy khó đánh,0,0
mày đừng nhắn tin nữa,0,0
đánh có được lồn,0,1
biết đánh ad không ba,0,0
mày chat để nó cấu máu,0,0
mày nghĩ tao không biết chơi à,0,0
đánh thì đánh mẹ đi cứ đổ lỗi,1,1
pick sau,0,0
mà feed tích cực vc,1,1
mà feed tích cực vãi cặc,1,1
ác,0,0
lên tank tao bế đi được,0,0
rồi sao team m chịu được,0,0
kéo chuẩn tí,0,0
lên trái tim nhé,0,0
cho nhiều máu,0,0
chơi mà sợ ông nội,0,0
cầm kèo,0,0
pick cuối ngu vl,1,1
pick cuối ngu vãi lồn,1,1
ngu người,1,1
5 1,0,0
ăn cứt rồi,1,1
duma rừng,1,1
như loz,1,1
duma top,1,1
mày để nó farm thế kia à,0,0
không def được,0,0
không def được nên đi thui,0,0
nó lag rồi,0,0
đánh kiểu gì vậy,0,0
không thấy tao ping à,0,0
giảm hồi máu đi,0,0
lao vào chi vậy,0,0
tao bắn xa mà,0,0
không để ý,0,0
tao hết tiền rồi,0,0
afk đây,0,0
mua máy về mà chơi,0,0
đánh tập trung cố win trận,0,0
thua sáng giờ,0,0
để ad,0,0
không thích,0,0
không biết chơi,0,0
đừng có pick,0,0
ping đi tới,0,0
xong lui,0,0
xong quay lại ăn hơn,0,0
là sao ba,0,0
rồi đổ lỗi nó,0,0
thằng mid,0,0
nó đần,1,1
ad nhát vkl,1,1
ad nhát vãi cả lồn,1,1
ngu vl,1,1
ngu vãi lồn,1,1
gank 3 lần chết mà vẫn ra,1,0
rừng ngu ác,1,1
buồn cười vl,1,1
buồn cười vãi lồn,1,1
còn đéo chùy đi,1,1
để ad cấu rỉa trước,0,0
sao không choáng,0,0
đánh luôn,0,0
lính nó thế,0,0
đánh sao,0,0
do ngu,1,1
không giết nó chết thua với mày,0,0
óc bò,1,1
thằng ngu,1,1
loại mày ý,0,0
ngu lắm e à,1,1
sp nó thế,0,0
mà đánh hòa với nó,0,0
này thì lính này,0,0
farm hòa này,0,0
óc chó,1,1
gặp 2 con này đi chung,0,0
mà muốn farm hòa,0,0
thì chỉ có gg,0,0
đánh được đâu mà xù lông,0,0
giờ bỏ cũng được,0,0
ăn rồng sau,0,0
đéo hiểu tự tin ở đâu,1,1
đánh ngu nói cái tự ái afk rẻ rách vl,1,1
đánh ngu nói cái tự ái afk rẻ rách vãi lồn,1,1
hèn vcl,1,1
hèn vãi cả lồn,1,1
tí level 2 đánh nó luôn nhé ad,0,0
tí kệ con mẹ thằng,1,1
tí kệ con mẹ thằng,1,1
level 2 đánh ad nó luôn,0,0
mày về hồi máu,0,0
tao làm chậm. Ad nó để không bao giờ chạy đc luôn,0,0
cố lên anh em,0,0
top cẩn thận lại ông,0,0
tao làm chậm có chạy được cái lồn,1,0
top ngu vl,1,1
top ngu vãi lồn,1,1
đau thế,0,0
nó có 1 đồ,0,0
hết mà là đánh rồi binh đánh cc,1,1
hết mà là đánh rồi binh đánh con cặc,1,1
mày 2 đồ,0,0
về mua đồ rồi lên,0,0
all mid nhỉ,0,0
sp thấy tôi bắn thằng ad nó quá khét không,0,0
chấp tốc biến bay vào bụi,0,0
đang gọi cứu hỏa rồi,0,0
cháy quá,0,0
mất tầm nhìn luôn,0,0
vl,1,1
vãi lồn,1,1
đánh ông đứng nhìn,0,0
chưa gì ra rồi ba,0,0
ảo thật đấy,0,0
để nó lên tí nữa,0,0
nó đang đẩy lên,0,0
wave lính to quá,0,0
không đánh nhanh nó ép trụ,0,0
d m chúng no chèn ép bot vkl,1,1
đụ má chúng nó chèn ép bot vãi cả lồn,1,1
cái khiên đen nó counter quá,0,0
rồng kìa,0,0
nice xừ,0,0
oke bạn yêu,0,0
ổn không ad,0,0
tôi ổn,0,0
không ổn nhớ nói để ta lại gần nhau hơn,0,0
3 rồng rồi,0,0
đi rừng kiểu bị não cứt,1,1
out lane như thế,0,0
không ăn được 1 con rồng,0,0
sủa lồn má mày,1,1
tao cho thua luôn đi,0,0
súc vật,1,1
súc vật,1,1
ba má mày,1,0
chứ không phải là,0,0
hiểu chưa,0,0
hành động với suy nghĩ của nó ngu quá bạn à,1,1
nên phải,0,0
cc gì,1,1
con cặc gì,1,1
ngồi xe lăn farm lính à,0,0
địt mẹ level 13,1,1
đụ má level 13,1,1
2 con chó đánh bố,1,1
team nó khỏe hay không phụ thuộc vào mình,0,0
khỏe chứ,0,0
thằng lồn,0,1
bạn cứ không tin tôi,0,0
mày đâu ra lên đây,0,0
tao tin mày mà,0,0
đã dame to còn làm chậm,0,0
hay vcl anh ơi,1,1
hay vãi cả lồn anh ơi,1,1
sml,1,1
sấp mặt lồn,1,1
sao mày ăn blue,0,0
con chó,1,1
chưa đủ người đã đánh,0,0
top mình yếu quá,0,0
top test tướng à,0,0
đi với urgot mà lên cái đấy à,0,0
rồi bắt tao chết 5 thằng,0,0
con mẹ bị ngu à,1,1
con mẹ bị ngu à,1,1
mid tao bảo mày tuổi lồn,1,1
nó bảo mày bú cu nó không xong,1,1
hiểu nhầm đấy,0,0
nó afk rồi,0,0
remake thôi,0,0
bỏ rồi,0,0
giúp đi tao ra lane luôn,0,0
cắm mắt,0,0
wtf,1,1
ok,0,0
thôi đánh con đó tấu hài quá,0,0
cấp 2 húp tụi nó luôn,0,0
2 lần 4 mạng,0,0
dmm,1,1
địt mẹ mày,1,1
đụ má,1,1
sao không ra vậy bot,0,0
thế lính đang đẩy mà,0,0
qua đó không ra được,0,0
sao lại thua được,0,0
vì nó có 12 xác,0,0
lên vô danh đó,0,0
đi lên ngay đồ đầu,0,0
bảo sao thua,0,0
xin lỗi top nha,0,0
tao sợ mày chết,0,0
ừ,0,0
không sao,0,0
sao không đánh ad nó,0,0
choáng sp làm gì,0,0
gì mà chiến vậy,0,0
hừm,0,0
ủa,0,0
sao chết vậy,0,0
giết sp nó trước,0,0
nó thì bắn tao,0,0
mày cứ giết sp nó làm gì,0,0
vãi cặc lồn,1,1
sp ơi,0,0
thôi,0,0
im,0,0
vãi cả lồn,1,1
đánh ad nó ý,0,0
im,0,0
ad lần sau,0,0
tập chơi,0,0
vl im,1,1
vãi lồn im,1,1
né kill trước,0,0
nhé,0,0
đùa,0,0
ping như thế nào rồi,0,0
ping đéo gì,1,1
đánh ngáo vãi lồn,1,1
ừ,0,0
mute,0,0
rồi kêu ping thế rồi,0,0
tự chơi,0,0
gg,0,0
hết,0,0
mẹ nó ngu,1,1
lần sau,0,0
đừng chơi ad hay,0,0
kẹt team lắm,0,0
tao thích chơi cặc đéo gì kệ mẹ tao,1,1
ra mid đi,0,0
bảo nó afk đi,0,0
thần ad,0,0
mẹ,1,0
chúng mày thấy,1,0
con mẹ thấy,1,1
thằng ad,0,0
nó chơi,0,0
đéo mẹ cái tác dụng gì,1,1
mang chinh phục mà lên đồ vậy,0,0
di chuyển max đần,1,1
nốt đồ,0,0
kiểm soát đi rừng,0,0
dm,1,1
đụ má,1,1
địt mẹ,1,1
cover tao,0,0
là win,0,0
def,0,0
đen vậy,0,0
vào rừng mà farm mẹ,1,0
vào làm gì,0,0
hay quá ad ơi,0,0
mày thi có tác dụng lồn gì mà ping,1,1
ngoài feed ra,0,0
mid ơi,0,0
đứng sau cover tao,0,0
làm chậm nó thôi,0,0
chạy chậm thôi,0,0
chơi game cái loại mày,0,0
gg,0,0
bai,0,0
dạng lồn thì câm mõm,1,1
gg,0,0
sao lại cấm,0,0
tại sao,0,0
sp con khác,0,0
vãi cả cặc,1,1
vãi con cặc,1,1
sao không về,0,0
quay lại làm gì,0,0
đánh gank bot nhiều vào,0,0
10 máu,0,0
để con chuột nó cướp rồng thì chịu rồi,0,0
đi rừng ngu như chó,1,1
thế cũng mất rồng,0,0
ai lại nói thế,0,0
nghe tự ái vcl,1,1
nghe tự ái vãi cả lồn,1,1
đẩy bot đi,0,0
ra mid làm cc gì,1,1
ra mid làm con cặc gì,1,1
chỉ 1 đổi 1 thôi à,0,0
lần sau bỏ con dùm tao cái,0,0
hay đấy,0,0
đợi đấy,0,0
ghê,0,0
bố mày sợ,0,0
sợ quá,0,0
ăn cc gì mà ngu vcl,1,1
ăn con cặc gì mà ngu vãi cả lồn,1,1
khóc,0,0
khóc hu hu,0,0
khóc,0,0
vì mày ẳng,1,1
khóc thay,0,0
khóc,0,0
ad vào sau mà không hành được à,0,0
lịch sử đấu 20 game thắng,0,0
khóc vì mày không gank được team,0,0
ngu lắm,1,1
mày ngu bỏ mẹ ra,1,1
đừng tỏ vẻ nguy hiểm,0,0
rừng đéo có con rồng ngu,1,1
được đấy,0,0
khóc thay nhé,0,0
đủ combo,0,0
thấy gì không,0,0
tao bắt lẻ mày giờ,0,0
ok,0,0
buồn của mid,0,0
tao thế,0,0
ngu,1,1
đừng,0,0
đánh,0,0
pls,0,0
mù à,1,1
thằng ngu,1,1
óc lồn,1,1
đã ping không có chiêu cuối,0,0
thằng óc cặc,1,1
dạng cái háng to vào,0,0
đi còn bóp,0,0
nè,0,0
bú,0,0
dmm mid,1,1
đụ má mày mid,1,1
ngu như thú,1,1
rồi,0,0
sốc được 2 3 con tuỏng mình mạnh là xong rồi,0,0
ngu,1,1
chậm thôi,0,0
sao không đánh sp luôn,0,0
nó còn xíu máu à,0,0
đánh tay,0,0
được bao nhiêu dame đâu,0,0
né vậy sao chơi,0,0
rồng ra,0,0
đéo giúp được gì,1,1
mày ngu bỏ mẹ ra,1,1
bảo nó né cc,1,1
bảo nó né con cặc,1,1
cầm,0,0
thua đường,0,0
vcl,1,1
vãi cả lồn,1,1
đánh thì ngu,1,1
mày không biết viết tiếng việt à,0,0
haha,0,0
tội nghiệp,0,0
học lớp mấy rồi,0,0
có mấy chữ tiếng việt cũng không viết được,0,0
tiếp,0,0
từ hãy về,0,0
ok nhé,0,0
yêu,0,0
top chậm thôi,0,0
trả giá,0,0
rồng đi,0,0
làm cái gì vậy,0,0
tao sợ mày lắm,0,0
sao không ăn,0,0
làm cái gì đấy,0,0
rồng,0,0
rồng đi,0,0
2 người kia đẩy được rồi,0,0
2 người đẩy đi,0,0
đã ping rồi,0,0
không 1 tác dụng gì,0,0
ngồi sủa,1,1
đã ngu,1,1
out trình mid,0,0
thì câm cái mồm vào,1,1
súc vật,1,1
đi top nát mẹ game,1,1
ad mình bắn đéo có dame,1,1
con ngộ không nó đấm vào mồm thì bắn gì,0,0
đẩy cao lên thằng top ngu,1,1
làm hết,0,0
ngu,1,1
1010 sp 12 10 ad,0,0
đâu,0,0
vlon,1,1
vãi lồn,1,1
giảm hút máu nữa đi,0,0
vcl,1,1
vãi cả lồn,1,1
cả team,0,0
dm,1,1
đụ má,1,1
địt mẹ,1,1
thằng ad mày không lên đồ thần thoại à,0,0
dm,1,1
đụ má,1,1
dame đâu mày bắn chúng nó,0,0
giảm hồi máu đéo lên,1,1
giảm hồi máu đéo lên,1,1
giảm hồi máu không lên,0,0
xin nhẹ game,0,0
mid mang dịch chuyển,0,0
3 mạng đầu mà không đánh được à,0,0
đáng lẽ tao không được chơi game ấy chứ,0,0
team bên cóp máy,0,0
tí thì out,0,0
d m,1,1
đụ má,1,1
team nhiều phép nhỉ,0,0
tao đánh nữa là đẹp,0,0
vl sao cắm đấy,1,1
vãi lồn sao cắm đấy,1,1
ping cái gì,0,0
nó đi vòng cướp mình thì sao,0,0
bị nhiều rồi,0,0
ok tư duy dốt,1,1
đi từ mid ra,0,0
mới an toàn đấy,0,0
do mày đi sai đường,0,0
sai,0,0
đi từ mid lộ,0,0
mày đi cùng bọn tao,0,0
bánh mì kẹp thịt,0,0
thôi đánh đi,0,0
tập trung,0,0
kẹp,0,0
vãi cả,0,1
mất thời gian,0,0
nó chạy đi đâu,0,0
đáng ra mày đuổi con sp ấy,0,0
đánh đi không sao,0,0
đúng rồi,0,0
tao chủ quan rồi,0,0
cần gì,0,0
mid ơi,0,0
mắt mũi chán nhỉ,0,0
ai làm gì,0,0
lai còn ai làm gì,0,0
ăn cua trên được rồi,0,0
thôi đc rồi đánh đi,0,0
còn xuống dưới đánh,0,0
quả đấy mày E nó là nó chết rồi,0,0
trong khi từng nguyên cánh trên còn hết,0,0
sao quả nó flash lại chạy được,0,0
vcl,1,1
vãi cả lồn,1,1
cái gì thế,0,0
ông tank đi,0,0
tao lên tank,0,0
không hành nó được,0,0
về,0,0
vl,1,1
vãi lồn,1,1
trúng,0,0
là nó chết mẹ rồi,1,1
sao không,0,0
đi ra cho tao,0,0
mà đi ra đấy,0,0
húc,0,0
luôn,0,0
cũng được chứ sao,0,0
hút chậm,0,0
lúc rồi,0,0
ừ,0,0
ping ra rồi vẫn đéo biết húc nó,1,1
biết nói làm gì,0,0
lần nào cũng nói vậy,0,0
ad ngáo thế,0,1
trụ gần rừng,0,0
còn ra,0,0
ăn 2 mạng,0,0
xanh lại,0,0
shutdown,0,0
xanh quá,0,0
nãy nó thua 50,0,0
giờ bằng,0,0
vcl,1,1
vãi cả lồn,1,1
thế là thua,0,0
đánh con này này,0,0
có thấy đâu mà đánh,0,0
đéo ai lên ,1,1
giảm máu,0,0
lên,0,0
đừng để bị bắt lẻ,0,0
bắt mid nó,0,0
rồng kìa,0,0
đừng cho nó về,0,0
nhà nó nát,0,0
đừng đánh,0,0
dm,1,1
đụ má,1,1
địt mẹ,1,1
nó rồi cái tao chết rồi còn vị trí gì,0,0
may mà lane nào cũng vậy,0,0
thằng mid nó tốc biến rồi,0,0
về,0,0
win,0,0
bắt,0,0
về,0,0
kéo đánh luôn,0,0
lồn ad,1,1
ping đánh cứ ngơ ngơ,0,0
tham quá,0,0
lồn,1,1
có năng lượng đâu,0,0
ad,0,0
nó ngu vl,1,1
nó ngu vãi lồn,1,1
đụ má,1,1
hụt,0,0
cmm,1,1
con mẹ mày,1,1
ôm farm đi bạn,0,0
đầu game hơi yếu,0,0
xong cho rừng gank,0,0
yếu cl,1,1
yếu cái lồn,1,1
nó đánh dốt pha đó,1,1
chứ yếu cl,1,1
chứ yếu cái lồn,1,1
mày trẻ trâu vc,1,1
mày trẻ trâu vãi cặc,1,1
mấy em bắn trụ đánh như thằng ngu,1,1
ăn blue nhà chết à,1,0
cút,1,1
đụ mẹ lắm đàn bà thế,1,1
đánh thì dốt,1,1
đánh thì ngu,1,1
mà hở thấy,0,0
đấy,1,1
khác mẹ gì con chó đâu,1,1
mày đánh đi,0,0
thằng đàn bà,0,0
lắm truyện,0,0
đàn bà hơn con chó,1,1
đánh đi anh em ơi,0,0
có gì đâu,0,0
không đánh được thì ôm,0,0
nói nhau làm gì,0,0
đụ mẹ riết toàn đàn bà chơi game,1,1
chó ngu,1,1
xíu mua váy cho,0,0
ông đánh đi,0,0
chứ được chó biết ăn cứt cũng ngon,1,1
ông đánh đi,0,0
chó này ăn phí cứt,1,1
tắt trò chuyện,0,0
ok chưa,0,0
khóc nữa tui chịu,0,0
rồi cướp rồng,0,0
đánh cẩn thận,0,0
khác gì con bò đâu,0,0
mày ngu à,1,1
sứ giả,0,0
về không về,0,0
dm,1,1
đụ má,1,1
bỏ,0,0
địt mẹ,1,1
quăng game à,0,0
top với ad đánh chung à,0,0
sp gánh mà tụi mày lo gì,0,0
được,0,0
kém thật,0,0
sao chạy,0,0
đánh đi,0,0
all rồng,0,0
ăn đi,0,0
tao ra kịp,0,0
đánh,0,0
về,0,0
rồng,0,0
end,0,0
sao mà giết,0,0
múa đi,0,0
bạn ơi,0,0
xin top,0,0
ok,0,0
mày đi top hay gì ok,0,0
dm tưởng thật,1,1
địt mẹ tưởng thật,1,1
thế có đổi không,0,0
ok,0,0
t bảo rồi,0,0
bạn tao nói ok,0,0
đánh phép đi,0,0
lồn nào coi phim sex,1,1
tao,0,0
biến thái,0,0
đụ má,1,1
kimochi,0,0
đúng mấy thằng vàng rách chỉ thế thôi,0,0
tao bạc nè,0,0
dkm,1,1
mẹ sp hoài,1,1
đánh không,0,0
tắt tool đi,0,0
cứu bố mày với,0,0
tool lộ vl,1,1
tool lộ vãi lồn,1,1
tool như con chó vậy,1,1
thằng ngu,1,1
thằng ngu này,1,1
ngu như chó ăn cứt,1,1
ngu,1,1
cmm,1,1
con mẹ mày,1,1
mày gank ai,0,0
mày cũng có sống đâu,0,0
2 đánh 1 mà,0,0
là lời không,0,0
thì,0,0
cũng không lời,0,0
nó gank mày đó,0,0
mất đợt lính,0,0
sao không,0,0
lỗ,0,0
lời chưa,0,0
lỗ,0,0
chắc thằng rừng bị ping nhiều lắm,0,0
câm mẹ mồm,1,1
chịu,0,0
có đủ dame giết đâu,0,0
chết thay sp luôn,0,0
tự dưng làm anh hùng,0,0
phế quá mà chết thay là đúng rồi,0,0
sống cũng chẳng để làm gì,0,0
bắn cho cố vào,0,0
sao all đi mấy ba,0,0
bảo ăn đéo ăn,1,1
thì win cái đầu buồi,1,1
để top nó kéo ad late,0,0
đéo hiểu kiểu lồn gì,1,1
tank thì đéo có,1,1
địt con mẹ cái thằng chó này nữa,1,1
bố mày nói nhẹ nhàng,0,0
thì cái địt con mẹ nhà mày càng feed,1,1
không chơi thì địt cái con cụ nhà mày cút con mẹ mày đi,1,1
all,0,0
đổ vạ thằng mid cái địt bố nhà mày à,1,1
nãy giờ bình tĩnh gánh team,0,0
giờ chịu ko nổi chat all chửi rừng,0,0
tao đã cậu cậu tớ tớ rồi,0,0
cũng đúng thôi,0,0
tao là mày cũng chửi rồi,0,0
địt con mẹ mày nhẹ không thích thích ưa nặng à,1,1
hài vl,1,1
hài vãi lồn,1,1
tao hết chịu nổi rồi,0,0
rừng ngu quá,1,1
bắt ai,0,0
top đổi đường không bạn,0,0
top,0,0
không biết đi rừng,0,0
có flash không flash ông,0,0
lại đây,0,0
không đánh nhau,0,0
bò,0,1
chết queo,0,0
xuống bot mà farm top ơi,0,0
có trụ cho dễ,0,0
đi theo đi,0,0
nó đi thì ông đi,0,0
def,0,0
def được thôi rồi,0,0
mày rảnh không,0,0
nó cắm nguyên cái con ad mà vẫn lao vô được,0,0
tốc biến luôn,0,0
gg đi mấy em,0,0
4 vs 5 chấp thằng ngu,1,1
ủa alo,0,0
đánh thường mà ta,0,0
vui là chính,0,0
lúc đầu đừng có tốc biến là hòa lane rồi,0,0
ngu thì cút,1,1
bỏ nha,0,0
tao đùa thôi,0,0
hài,0,0
ff thôi,0,0
người làm chó hưởng,1,1
đùa tý căng,0,0
chán quá ha,0,0
anh em tank đi,0,0
bot gánh,0,0
team này càng late càng win,0,0
anh em đánh chậm xíu,0,0
bên nó late đâu kém,0,0
mà sợ cc gì,1,1
mà sợ con cặc gì,1,1
đánh thế lồn nào lại,1,1
ad sp,0,0
đẩy lính,0,0
ping cc đẩy lính chậm vcl,1,1
ping con cặc đẩy lính chậm vãi cả lồn,1,1
đứng trên mắt,0,0
nói cc,1,1
nói con cặc,1,1
sao chạy,0,0
đánh đi,0,0
tự dưng ping cao quá,0,0
làm ăn như cặc,1,1
thiếu người đừng cướp,0,0
bên mình có người lag nữa,0,0
lag thật anh em,0,0
lag quá,0,0
afk đây,0,0
lag quá,0,0
ủa tưởng afk,0,0
thôi càng có lý do afk,0,0
sao bạn lừa tui,0,0
ping có 33 mà nó giật,0,0
nó để ping cho có thôi chứ lag vẫn lag à,0,0
nay chiêu mới,0,0
đợi gg thôi,0,0
vl,1,1
vãi lồn,1,1
ping có 40 mà giật,0,0
khó chịu vc,1,1
khó chịu vãi cặc,1,1
ngu vl,1,1
ngu vãi lồn,1,1
farm hoài vậy rừng,0,0
thôi ff,0,0
lag quá,0,0
mày giỏi ra mid def đi,0,0
mới vô game,0,0
tao hỏi rồi,0,0
ai cũng tự tin,0,0
hôm qua chơi còn ngon mà,0,0
tao biết,0,0
bọn mày thôi,0,0
làm riết game nát vcc,1,1
làm riết game nát vãi con cặc,1,1
vậy sao đánh,0,0
ff sớm đi,0,0
win không nổi đâu,0,0
không có remake,0,0
10 ff được mà,0,0
cái lồn mẹ,1,1
nó lag,0,0
kinh vc,1,1
kinh vãi cặc,1,1
ff đi,0,0
giống như nhân viên đội ngũ ăn rồi họp tìm cách phá game vậy,0,0
nghỉ thôi ae,0,0
game rác vc,1,1
game rác vãi cặc,1,1
ff được rồi,0,0
đéo afk đi,1,1
được không,0,0
l sao hết lag vậy,0,0
khó chơi vcl,1,1
khó chơi vãi cả lồn,1,1
ad không tốc biến,0,0
ping cdg gì chúng nó ra mày không ra thì chịu đi,1,1
ping cái đéo gì gì chúng nó ra mày không ra thì chịu đi,1,1
buff lúc nó dame tao,0,0
toàn buff lúc linh tinh,0,0
cover tao,0,0
bố thiếu ad,0,0
đang chạy lên,0,0
đã đánh rồi,0,0
bảo bố rồi 4 vs 5 đánh cdg,1,1
bảo bố rồi 4 vs 5 đánh cái đéo gì,1,1
ad bị ngáo hả,0,0
vãi lồn,1,1
ngáo ngơ vl,1,1
ngáo ngơ vãi lồn,1,1
đang đi lên,0,0
trúng vào ăn lồn à,1,1
đéo kịp,1,1
đánh vậy thua đó bro,0,0
xin lỗi,0,0
mày đánh không được pick chi kèo khó vậy,0,0
bỏ đi,0,0
mẹ,1,1
con quái vật vl,1,1
con quái vật vãi lồn,1,1
lồn ngu vkl,1,1
lồn ngu vãi cả lồn,1,1
gà quá,1,1
sút con ra thôi,0,0
sát thủ,0,0
1 hit one kill,0,0
để lại em,0,0
vy ơi,0,0
ra mid nè,0,0
không tốc biến,0,0
ok,0,0
lừa đấy,0,0
cho đẩy đi,0,0
đẩy vào,0,0
đi,0,0
băng nè,0,0
về,0,0
ăn baron,0,0
3 đấm,0,0
rồng,0,0
đánh cc gì nữa,1,1
đánh con cặc gì nữa,1,1
kìa sp,0,0
không về à,0,0
tao tự đẩy được,0,0
tưởng đẩy nhanh cho về,0,0
tự nhiên tao về mày ping tao,0,0
gank đi mày,0,0
đánh con đấy mà farm không,0,0
rừng ơi,0,0
mày ko gank,0,0
thì mày ăn sứ giả,0,0
ăn rồng đi,0,0
bot đang win,0,0
mày cứ vòng vòng,0,0
được camp mà ngu con chó,1,1
múa múa,0,0
2 thằng óc lồn,1,1
chửi thế,0,0
nó tự ái đó,0,0
nó không ngu đâu chỉ là hơi óc chó tý thôi,1,1
để sp giết như giết 1 con chó dại,1,1
camp nữa đi con,0,0
về,0,0
bơm item,0,0
đéo có tầm nhìn gì,1,1
chết xong ping,0,0
wtf,1,1
ra đc mà 3,0,0
2 thằng đó mạnh đéo đâu,1,1
5 thằng,0,0
kêu 2 thằng,0,0
5 thằng,0,0
mù map à,1,1
2 thằng bot,0,0
nó học hết rồi,0,0
đụ má,1,1
1 thằng đang theo mid,0,0
lên mà đánh,0,0
nói cc,1,1
nói con cặc,1,1
out mẹ acc đi,1,1
mà thằng rừng nó đéo có trong đó,1,1
đưa acc đây tao đánh 2 acc,0,0
câm mẹ mồm mà đánh,1,1
sủa lắm quá,1,1
điếc tai vc,1,1
điếc tai vãi cặc,1,1
đánh thì ngu,1,1
sủa rõ to,1,1
chỉ cho thì đéo nghe,1,1
giờ câm thế,1,1
gà vc,1,1
gà vãi cặc,1,1
đứng im cho đéo trúng,1,1
lồn mẹ mày,1,1
của mày,0,0
hụt,0,0
thì,0,0
gà,1,1
thua lane ngu lồn rồi sủa địt mẹ mày,1,1
nó đứng im thật,0,0
thua,0,0
trúng thì làm con cặc gì nó,1,1
ngu thật sự,1,1
trình rách,0,0
top ơi,0,0
di chuyển nè ông,0,0
nice,0,0
di chuyển chậm rồi,0,0
bị đẩy 2 wave,0,0
bỏ phải không,0,0
ui,0,0
ra mid đi,0,0
không đánh thì ff con mẹ mày đi sủa lắm thế,1,1
không đánh thì ff con mẹ mày đi sủa lắm thế,1,1
địt cả họ mày,1,1
địt cả họ mày,1,1
né đi,0,0
nhà mày được sủa à,1,1
mày xuống mà né,0,0
vào game sủa,1,1
ở nhà bố mẹ mày không cho mày sủa à,1,1
mà lên game sủa như được mùa,1,1
tội thế,0,0
lêu lêu sủa như được mùa,1,1
bố cái loại mõm súc sinh,1,1
cha nội,0,0
mẹ,1,1
bớt xàm lồn đi ba,1,1
à nhầm mõm súc vật mới sủa lắm thế,1,1
mày sủa lắm quá bố mày mới nói cho cái loại súc vật mày biết,1,1
oai buồi gì cái loại vào game sủa như con súc vật,1,1
thử ra đường sủa câu xem có bị đấm vào cái mồm súc vật nhà mày không,1,1
rồi ông phá game luôn,0,0
thấy không nói gì bắt đầu sủa nhiều hơn à con súc sinh,1,1
bố mày 2 8 đấy làm gì bố mày địt mẹ mày,1,1
bố mày 2 8 đấy làm gì bố mày địt mẹ mày,1,1
không né nữa à,1,1
lên giày xuyên phép đi,0,0
không đánh thì ff conmemay đi,1,1
không đánh thì ff con mẹ mày đi,1,1
cái lồn mả mẹ gì mày sủa lắm thế,1,1
mày 9 1 vẫn bị tao giết thôi,0,0
1 vs 2 với thằng 9 1 thì nói gì,0,0
hết sủa đội giờ lên all sủa,1,1
được mùa quá mà,0,0
ở nhà bố mẹ cấm sủa vào game sủa cho đã,1,1
mid hay đấy,0,0
team chửi nhau quá các ông,0,0
gg,0,0
tao không gank top,0,0
xin lỗi,0,0
chơi an toàn tí rừng nó biết chơi,0,0
cứ farm đóng băng thôi,0,0
nó tướng poke hơn tao đó,0,0
rừng combo đỉnh vãi,0,0
rừng gà,1,1
yếu còn đánh nhau,0,0
rừng thì không gank được lane nào,0,0
lại gặp mày ad,0,0
sao vậy,0,0
ngu quá à,0,1
17 để thua 36 à,0,0
đâu 36 là thằng nào,0,0
không biết,0,0
rồi hay,0,0
đần vcl,1,1
đần vãi cả lồn,1,1
solo với level 1,0,0
tuyệt vời,0,0
mid không spell,0,0
ai sp không,0,0
ad đi,0,0
ok,0,0
tao sp cho,0,0
sp gì đấy,0,0
ngon,0,0
ăn xong farm không,0,0
top swap không bro,0,0
không,0,0
báo quá,0,0
tưởng đủ dame,0,0
sao mày về,0,0
vì tao thích thế,0,0
hỏi như hỏi,0,0
ai hỏi mày,0,0
đâu hỏi mày,0,0
quê vl,1,1
quê vãi lồn,1,1
vc đéo gì phải chat all,1,1
vãi cặc đéo gì phải chat all,1,1
ngu,1,1
rất ngu,1,1
ăn nè,0,0
dốt vkl,1,1
dốt vãi cả lồn,1,1
người ở trên người ở dưới,0,0
khó đánh quá,0,0
không kịp bắn,0,0
ngu,1,1
team ngu,1,1
câu hết chiêu vào bố mày,0,0
mid level 14,0,0
rồi thua,0,0
phế vật,1,1
mẹ chúng nó 2 tele,1,1
mình không tele,0,0
mày đẩy lẻ chúng nó đánh gỡ,0,0
combat toàn tao mở ăn hơn 1 người xong toàn thua,0,0
xàm,0,0
ngu,1,1
thì thua,0,0
ngu,1,1
meta mới à,0,0
tao ad mà,0,0
cút,1,1
mày vào sớm quá,0,0
dbrr,1,1
đầu buổi rẻ rách,1,1
lag vậy,0,0
má,0,1
giật,0,0
mù map à,1,1
mất xe,0,0
toang,0,0
camp mid ăn lồn à,1,1
vl,1,1
vãi lồn,1,1
địt,1,1
hay,0,0
ks ăn lồn à,1,1
để flash mà đánh,0,0
báo quá,0,0
không có tính ks đấy,0,0
xin lỗi nha,0,0
sợ nó chạy thôi,0,0
sặc,0,0
đạp bom,0,0
đẩy,0,0
dùm,0,0
ghê,0,0
chạy,0,0
gank top đi,0,0
băng trụ,0,0
def mid,0,0
rừng,0,0
lồn rừng,1,1
không def cho tao,0,0
có cc nữa mà def,1,1
có con cặc nữa mà def,1,1
nó lên đó được đấy,0,0
nó xuống bot chết 2 mạng def đéo gì cho mày,1,1
ngu,1,1
gà vl,1,1
gà vãi lồn,1,1
ad tao bắn hết,0,0
rồi,0,0
không ăn à,0,0
tao kéo hết xuống bot rồi không ăn baron,0,0
ăn hết rồi,0,0
quên mất có rồng,0,0
kệ nó,0,0
ngu vậy,1,1
1 mình giết 4,0,0
làm hết mẹ rồi,1,1
bạn là nhất,0,0
camp mid ăn lồn,1,1
thế nào nó cũng lên top kiếm,0,0
10 game gặp thì hết 9 game thua,0,0
game này game thứ 10,0,0
ừm được rồi,0,0
đừng có,0,0
ôm thôi,0,0
nó đi rồi,0,0
má,0,1
không lên level 3,0,0
top hết,0,0
chuột nó không di chuyển lane khác,0,0
cứ đánh đi,0,0
mẹ mày,0,1
chờ lính đẩy về,0,0
tao lên,0,0
lính vậy,0,0
đi đẩy,0,0
bỏ đi,0,0
clm,1,1
cái lồn má,1,1
kêu rồi,0,0
gank nè,0,0
mày ở lại đi,0,0
cầm tiền kêu ở lại,0,0
về để tao ăn,0,0
từ từ,0,0
mày nghĩ tao flash kịp,0,0
nó ăn rồng,0,0
3r,0,0
nè,0,0
sao,0,0
đánh thằng,0,0
sp nó lấy cái giáp ảo,0,0
tao nhảy nó chết mẹ rồi,1,1
tao có nhảy tao sp nó đc đâu,0,0
con sp nó biết giữ vị trí mà,0,0
về cái,0,0
alo,0,0
cái cái rồi,0,0
để chi vậy,0,0
mẹ sp,1,1
lành ít dữ nhiều rồi,0,0
là sao,0,0
con này sp tác dụng gì dạ,0,0
đéo có tác dụng,1,1
chiêu đâu,0,0
tác dụng feed,0,0
ác vậy,0,0
ông chưa mất flash à,0,0
mất rồi,0,0
báo,0,0
mày lao lên mà,0,0
không nhường mạng cho tao,0,0
tao về được rồi,0,0
là thua lane,0,0
con mẹ,1,1
2 thằng bây,0,0
xin lỗi,0,0
babe,0,0
mid sao không ra,0,0
con chó ngu mid ping hộ bố mày cái,1,1
roam đi,0,0
nãy đã hồi đâu,0,0
mày cứ ôm cái mid farm,0,0
mẹ mày,1,1
xanh mà ngu vl,1,1
xanh mà ngu vãi lồn,1,1
gg,0,0
nhầm bảng rồi,0,0
vl team không phép,1,1
vãi lồn team không phép,1,1
mày pick cuối cùng,0,0
xạ thủ lên phép,0,0
ping cái lồn,1,1
thì sao,0,0
mid phải phép chứ,0,0
thì hỏi nó,0,0
phép được mà,0,0
không lo,0,0
yếu,0,0
yếu mẹ chứ yếu,1,1
má tao không biết mang bảng gì nữa,0,1
lời mà,0,0
đánh đi,0,0
bớt ngu đi ad,1,1
farm thôi cũng không làm được,0,0
25 con lính,0,0
đéo hiểu chơi cái gì nữa,1,1
out trình vcl vậy trời,1,1
out trình vãi cả lồn vậy trời,1,1
má,1,1
lại tốc,0,0
chạy về tao,0,0
nó tốc,0,0
flash đi đâu,0,0
quên,0,0
đánh chậm lại đi thôi,0,0
chat all,0,0
đợi mid khỏe gánh cho,0,0
vl quên,1,1
vãi lồn quên,1,1
cắm mắt cái,0,0
ad thật sự ngu thật sự đấy đánh cái lồn gì,1,1
thằng mid nó không biết ping đâu,0,0
thấp thôi,0,0
ping cc,1,1
ping con cặc,1,1
ngu vc,1,1
ngu vãi cặc,1,1
top long ăn nhưng mà gọi người,0,0
do mày ngu,1,1
cầm con vẫn thau con rồng,0,0
hiểu cái trình,0,0
có em,0,0
bên đây tận 3 thằng ngu lận,1,1
1 7 team tao,0,0
chắc mày khôn,0,0
chịu,0,0
thì gánh ngu,0,1
1 7 5,0,0
toàn bị hội đồng thế này,0,0
giờ hết hành tao rồi,0,0
đầu game được 2 bùa,0,0
cũng ghê đấy,0,0
ad chạm vào hỗ trợ cũng được,0,0
đánh nhìn tí,0,0
quên tắt chỗ nào ông,0,0
đánh đi thua đâu,0,0
tướng lỗi vc,1,1
tướng lỗi vãi cặc,1,1
alo,0,0
ping con mẹ mày,1,1
đéo đánh thì cút,1,1
đụ má,1,1
đụ má,1,1
tao làm gì,0,0
mấy bạn,0,0
tao cướp 3r được rồi,0,0
tự nhiên lao qua đánh nó,0,0
cái gì vậy,0,0
đéo hiểu,1,1
có 3r rồi lao xuống làm gì,0,0
nhảy thẳng xuống,0,0
đụ má,1,1
đụ má,1,1
ngáo vc,1,1
ngáo vãi cặc,1,1
report,0,0
thêm thằng vác đi mid,0,0
bỏ,0,0
rồi mày không để mắt cho tao sút à,0,0
méo đổi được con mắt,0,1
thì chịu,0,0
thế cũng đéo ăn được,1,1
3r nha,0,0
bot rồi,0,0
nó ngu vcc,1,1
lee nó ngu vãi con cặc,1,1
hơn nhau ván game,0,0
đang đẩy,0,0
chứ chưa chắc hơn nhau ngoài đời đâu,0,0
tao nói thật,0,0
hên gặp bot nó late ngu,1,1
gg,0,0
mid nó làm thịt hết luôn,0,0
pick tướng out vc,1,1
pick tướng out vãi cặc,1,1
ngu,1,1
bro ơi,0,0
ai swap giúp với,0,0
ủa sao viết chữ,0,0
swap với tôi,0,0
tao mid,0,0
phụ cái bot,0,0
mid,0,0
sang cắm mắt,0,0
không cần theo,0,0
nice,0,0
được luôn,0,0
nice,0,0
đi,0,0
cua 2 sắp ra,0,0
nó ra,0,0
top lên đây nhanh,0,0
từ từ,0,0
ác vậy,0,0
hay thế bạn,0,0
khó thế nhỉ,0,0
vcl,1,1
vãi cả lồn,1,1
lạy 2 bố,0,0
đánh luôn,0,0
tuổi con cặc,1,1
đánh cc gì vậy,1,1
đánh con cặc gì vậy,1,1
ông rừng ngu vcl,1,1
ông rừng ngu vãi cả lồn,1,1
giết 1 thằng thôi,0,0
đánh con kia kìa,0,0
thằng kia dễ bắt,0,0
mày đánh làm cc gì,1,1
mày đánh làm con cặc gì,1,1
thua 2 ông,0,0
đéo có flash,1,1
đi đánh làm gì,0,0
không ping spell,0,0
tuổi lồn,1,1
farm hộ à,0,0
rồng,0,0
ngu,1,1
dạ xin lỗi anh,0,0
sứ giả luôn,0,0
lấy trụ đi,0,0
chạy đi,0,0
ngu hơn chó,1,1
ok,0,0
bố mày là sp,0,0
thì làm sao,0,0
nhưng mạng mày có tiền,0,0
cay,0,0
đánh thằng trước,0,0
sủa lên,1,1
camp sủa ác thật,1,1
ăn rồng kìa,0,0
đéo thấy hả mày,1,1
suýt chết,0,0
dcm,1,1
địt con mẹ,1,1
má con tướng rác,1,1
rác vc,1,1
rác vãi cặc,1,1
có cái giáp gai,0,0
trâu vc ra,1,1
trâu vãi cặc ra,1,1
óc lồn,1,1
cẩn thận thua nhục lắm con trai,0,0
thua lồn con mẹ mày thôi,1,1
lồn mẹ mày,1,1
non lắm,1,1
lũ ngu,1,1
đánh thì đi chung đi,0,0
nhảy cụ mày vào,0,0
camp cái con cặc tao,1,1
đéo biết sút liền,1,1
má,1,1
khống chế nhiều quá,0,0
đéo có phép,1,1
đánh cc gì được,1,1
đánh con cặc gì được,1,1
chúng mày ghê quá,0,0
thua rồi đấy con trai,0,0
sủa nhiều vl,1,1
sủa nhiều vãi lồn,1,1
không,0,0
cay,0,0
chắc team mày nói ít,0,0
rồng 4,0,0
ad nó kìa,0,0
có mega rồi,0,0
tao đẩy top nha,0,0
ừ,0,0
chúng mày mở giao tranh bot đi,0,0
đánh 3r đi,0,0
có rồng nước,0,0
giết ngay,0,0
chạy kìa,0,0
haha,0,0
3r,0,0
để sp gà nhất team,1,0
má nó trâu kìa,0,1
xin red,0,0
ăn cua đi,0,0
vô chi vậy má,0,0
giết mấy con chủ lực đi,0,0
kệ 2 con trâu đó,0,0
này thì trâu này,0,0
lên mà solo với thằng,0,0
thấy mày ngu không,1,1
lấy mega đi,0,0
rồng được,0,0
tao ăn 1 mình được,0,0
sủa lên,1,1
all end không,0,0
cay không,0,0
con chó,1,1
được,0,0
tao giết đúng con,0,0
ngu thế,1,1
gáy lên,1,0
sủa lên em ơi,1,1
cái địt mẹ mày,1,1
ngu như lồn,1,1
gáy lên đi em,1,0
con chó này,1,1
cướp đi em,0,0
ad đánh vc,1,1
ad đánh vãi cặc,1,1
đánh vc,1,1
đánh vãi cặc,1,1
mất hết rồi,0,0
tao lạy mày,0,0
má bay không tới,1,1
vcl,1,1
vãi cả lồn,1,1
thiếu người mà vào nhanh quá,0,0
clm,1,1
cái lồn má,1,1
ping đánh,0,0
rồi rừng không tới,0,0
đéo biết nói cái gì,1,1
nhìn map tao tới gần rồi đánh chứ,0,0
ff,0,0
ad cũng gà vcl ra,1,1
ad cũng gà vãi cả lồn ra,1,1
ad cũng gà,1,1
đánh con sp,0,0
hèn vc,1,1
hèn vãi cặc,1,1
bot rank bạch kim hơn nó thua lane à,0,0
núp núp,0,0
hay thật,0,0
ảo thế nhỉ,0,0
thôi ff,0,0
đánh với thằng sp này mệt vcl,1,1
đánh với thằng sp này mệt vãi cả lồn,1,1
đánh ad đần vcl,1,1
đánh ad đần vãi cả lồn,1,1
skill toàn trúng,0,0
không,0,0
né như cc,1,1
né như con cặc,1,1
ok,0,0
vcl,1,1
vãi cả lồn,1,1
đùa nhau,0,0
clm,1,1
cái lồn má,1,1
hay,0,0
thua là đúng rồi,0,0
đéo có cái con mẹ gì,1,1
cũng dí bằng được thằng ad nó,0,0
2 thằng lồn bot dốt vcc đéo lo đánh,1,1
2 thằng lồn bot dốt vãi con cặc đéo lo đánh,1,1
con đĩ mẹ mày gank thì ngu ngậm mõm vào,1,1
sủa lắm vcl,1,1
sủa lắm vãi cả lồn,1,1
kda rác vãi cặc,1,1
rồi,0,0
bot chết nhiều thế,0,0
lồn ngu vãi cặc đéo biết sao gank,1,1
đánh được,0,0
đánh đi,0,0
lại chat ẳng suốt đầu game tới giờ,1,1
tao cover mid với top cho,0,0
14 mạng,0,0
vcl,1,1
vãi cả lồn,1,1
ai ẳng,1,1
ẳng cái con mẹ mày,1,1
đánh đi,0,0
rác ad,0,0
nói gank ngu thì cãi,1,1
thằng lồn sp,1,1
tao bảo chiêu cuối vào ad nó để tao chiêu cuối,0,0
đéo đánh,1,1
ngu vl,1,1
ngu vãi lồn,1,1
đã ping thế mà đéo đánh,1,1
chiêu cuối ad nó tao giết được,0,0
đánh rồng,0,0
top ăn xong rồng,0,0
sứ giả,0,0
vl hết rồi,1,1
vãi lồn hết rồi,1,1
sp di chuyển chán thế,0,0
ra cover cho rừng chạy,0,0
team nó ở đấy,0,0
khó đánh vcc,1,1
khó đánh vãi con cặc,1,1
mẹ bot nó xanh quá,1,1
mày chiêu cuối ad nó,0,0
để tao rừng,0,0
đẩy cao lên là được,0,0
ad nó tao chiêu cuối được là trúng,0,0
thằng sp cứ bắn rừng và ad nó thôi,0,0
vcl,1,1
vãi cả lồn,1,1
thiếu tao mà,0,0
ăn đi,0,0
cái địt mẹ,1,1
ăn rồng,0,0
chán vcl,1,1
chán vãi cả lồn,1,1
cái bụi đen thui,0,0
chửi luôn à,0,0
xin red,0,0
cho tao,0,0
clm,1,1
cái lồn má,1,1
bot ơi là bot,0,0
nó có rồi,0,0
tao làm thế rồi,0,0
có thì tao chịu,0,0
tao đánh hết rồi đấy,0,0
end được không,0,0
không,0,0
ăn rồi đẩy đi,0,0
tao chiêu cuối dính cả lũ rồi,0,0
end được,0,0
mid ra là tao về,0,0
về,0,0
thua đấy,0,0
không sao,0,0
tao đánh được mà,0,0
kiểm soát 3r là win,0,0
nó ăn kìa,0,0
gg,0,0
win thôi,0,0
xin game,0,0
gà,1,1
vl các bạn pick team đỉnh quá,1,1
vãi lồn các bạn pick team đỉnh quá,1,1
2 thằng ngu này,1,1
ăn sao được,0,0
sao không được,0,0
haha,0,0
mất thời gian vcl,1,1
mất thời gian vãi cả lồn,1,1
đéo có lần sau,1,1
cầm hơi kém,0,0
ra mid,0,0
con mẹ mày,1,1
con mẹ mày,1,1
cút,1,1
rác,1,1
bú buồi cho top nó,1,1
sợ vl,1,1
sợ vãi lồn,1,1
bot đi,0,0
top xong rồng,0,0
xuống bot,0,0
đánh được,0,0
đéo ăn,1,1
vãi cả lồn,1,1
rồng đi,0,0
canh 3r,0,0
đéo ăn 3r,1,1
cái game đang win đéo ăn 3r,1,1
thằng ngu lồn,1,1
all,0,0
làm ơn đi mà,0,0
lag end luôn đi,0,0
không tí văng không hay,0,0
gg,0,0
về,0,0
về thằng cụ mày đi,1,1
cay,0,0
không kai,0,0
gà,1,1
làm trò gì đấy,0,0
có làm gì đâu,0,0
sao mấy thằng bay gà vậy,1,1
làm cc gì vậy,1,1
làm con cặc gì vậy,1,1
combat mày đi đâu thế,0,0
ghé vào tai sát bờ môi,0,0
team như này nó mà bắn cho nát người,0,0
thách nó đụng,0,0
ai chạm được nó,0,0
thằng lồn,1,1
hâm à,1,1
level 1 thách mày đánh lại tao,0,0
top spell,0,0
2 hồi máu,0,0
cái nữa rừng ơi,0,0
farm đi,0,0
ra,0,0
chả có,0,0
thằng không dám ăn đâu,0,0
tao xanh thế mà,0,0
mid nó bắn,0,0
mạng free nè,0,0
mid bắn đau,0,0
đi ra,0,0
không về là chết,0,0
vl,1,1
vãi lồn,1,1
lồn mid cày thuê,0,1
mid xuống kìa,0,0
về thôi,0,0
mẹ nó gà,1,1
ăn đi,0,0
cái mạng nhường được,0,0
thì đéo nhường,1,1
mạng nhường là tao chết,0,0
thì nhường,0,0
xin lỗi nha,0,0
đần thì thôi,1,1
gg,0,0
tao lên phép nhé,0,0
lên ad đi,0,0
lên tank,0,0
phụ dame cho ad mày,0,0
tao lên ap là ngon nhất rồi,0,0
lên phụ lính mày ơi,0,0
chết chết,0,0
con mịa vl,1,1
con mịa vãi lồn,1,1
mày chơi đóng băng thế,0,0
ngu dốt,1,1
từ từ,0,0
lui,0,0
ditme,1,1
địt mẹ,1,1
ping,0,0
ngu dốt,1,1
rác,1,1
ngu dốt,1,1
thiếu 1 đấm,0,0
xàm lồn,1,1
ngu dốt,1,1
không thấy à,0,0
ngu dốt,1,1
vậy là được rồi,0,0
dame được nhé,0,0
clm 1.5,1,1
cái lồn má 1.5,1,1
ủa nó đánh vậy ai trên top vậy,0,0
clm nó mạnh quá rồi,1,1
cái lồn má nó mạnh quá rồi,1,1
nghỉ,0,0
xong rồi,0,0
game này nát rồi,0,0
hết muốn đánh rồi,0,0
đụ mẹ,1,1
đụ mẹ,1,1
quá nản,0,0
đi dùm tao,0,0
dốt,1,1
đánh cái cc gì nữa mà đánh,1,1
đánh cái con cặc gì nữa mà đánh,1,1
mày tuổi lồn,1,1
huhu,0,0
cay quá,0,0
chú bé đần 1 7,1,1
sp đâu rồi,0,0
theo tao,0,0
mày là tao văng ra,0,0
1 8 chứ 1 7 đâu,0,0
dốt,1,1
ừ,0,0
mày đi ra,0,0
để tao núp thôi,0,0
bóp tao thế,0,0
thấy top bạn chưa,0,0
xàm lồn,1,1
vứt thằng sp,0,0
rác quá đó mà,1,1
chưa có rừng,0,0
đụ má thằng top ở đó đéo đánh,1,1
đánh cái cc gì vậy trời,1,1
đánh cái con cặc gì vậy trời,1,1
ping cc,1,1
không rừng chắc thằng ad sống,0,0
sao không sớm,0,0
đụ má ad người ta đánh ác vc,1,1
đụ má ad người ta đánh ác vãi cặc,1,1
thua luôn,0,0
ad mình xàm lồn,1,1
quá non,1,1
dùm tao,0,0
nó khai thác với ad nhiều quá,0,0
ngu mới bị khai thác nhiều,1,1
ha,0,0
gà,1,1
vậy mày gà hơn tao,1,1
ngu vậy,1,1
cho mày mạng,0,0
để mày buồn,0,0
ngu vậy ta,1,1
bố mày bị camp,0,0
chỉ cần rừng hất 5 thằng thì tao sẽ,0,0
tao cao vậy,0,0
mic,0,0
bật mic lên,0,0
game hài hước,0,0
giải trí,0,0
đánh ngáo vl,1,1
đánh ngáo vãi lồn,1,1
bố mày thích,0,0
bảo sao thua,0,0
thua chưa,0,0
gần rồi,0,0
ping con cặc,1,1
vãi lồn,1,1
sp mình,0,0
pick con sp,0,0
đần độn,1,1
gank nó mà vẫn ngu hả,1,1
ngu vừa thôi à,1,1
ngu tự ái,1,1
cay à,0,0
đi rừng như đi top,0,0
đánh toàn tướng lao vào,0,0
xong rồi đứng mỗi thằng 1 góc,0,0
súc vật sủa,1,1
bắt tao mới win được,0,0
ngu lắm ơi,1,1
sủa lên nào,1,1
Lag nhỉ,0,0
Giật quá sếp ơi,0,0
Cứ bình tĩnh,0,0
Lên thủ đi,0,0
Spam ác,0,0
Hay,0,0
ad nhát vl,1,1
ad nhát vãi lồn,1,1
Gánh dữ dậy,0,0
Về,0,0
Vcl hề,1,1
Vãi cả lồn hề,1,1
Bịp,0,0
Nói nhiều quá,0,0
Búng chết nó đi anh em,0,0
Ad non dậy,0,0
Tay chậm không chơi con này được đâu,0,0
Vui thôi anh em căng thẳng thế,0,0
Bậy nha,0,0
Đệt,1,1
Bịp rồi,0,0
Bị ra rìa rồi,0,0
nai xừ,0,0
anh cứ quát em,0,0
clm,1,1
cái lồn mé,1,1
lần sao ai dám chơi,0,0
chê ác,0,0
cười ác,0,0
Hay mà,0,0
eo ơi,0,0
clm đang ăn,1,1
cái lồn má đang ăn,1,1
khủng khiếp,0,0
cứu,0,0
ghê vcl,1,1
ghê vãi cả lồn,1,1
tởm vãi,0,0
Má ác,0,0
tởm quá,0,0
khiếp,0,0
cay,0,0
Ủa,0,0
đúng luôn mới chịu,0,0
đỉnh đỉnh,0,0
mày bị điên à,1,1
nhiều thằng thể hiện dạy chơi game thế nhờ,0,0
bảo ý thức kém lại tự ái,0,0
Căng vậy,0,0
Toxic vl,1,1
Toxic vãi lồn,1,1
drama vl,1,1
drama vãi lồn,1,1
clg đấy,1,1
cái lồn gì đấy,1,1
ngáo thế,1,1
Tội bỏ mẹ,1,1
giọng thương vãi,0,0
Tội bỏ mẹ,1,1
để im cho người ta chơi mấy thằng đần độn này cứ thích spoil vậy nhỉ,1,1
Dcm,1,1
Địt con mẹ,1,1
vãi bìu liền,1,1
múc đi sợ gì,0,0
anh nâng 1 khẩu súng lúc bắn dame cao nhất ý,0,0
thôi đừng múc,0,0
mãi là anh em,0,0
quào,0,0
ái chà,0,0
chảnh chó,1,1
Bản quyền cl,1,1
Bản quyền cái lồn,1,1
nhìn đã vãi l,1,1
nhìn đã vãi lồn,1,1
Con chó này,1,1
đéo nhé,1,1
chỉ là game thôi mà,0,0
win em cho chị gái em,0,0
gg mẹ đi,1,1
chơi được ko mà nói như thật,0,0
bật máu thấp nhất chưa,0,0
vứt vào sọt rác đi,0,0
không nên chạy,0,0
thua đi thua đi,0,0
anh gà vcl,1,1
thua,0,0
lag,0,0
toàn lấy mạng không,0,0
đánh mù mắt,0,0
anh gà vãi cả lồn,1,1
cái lồn gì vậy,1,1
đập trụ đê,0,0
trừ 60 điểm đạo đức,0,0
con này khỏe lắm,0,0
thua,0,0
khiếp bớt toxic,0,0
cái lồn gì vậy,1,1
non,1,1
mày khùng à,1,1
có bị mù không,1,1
chơi như cái đầu cặc,1,1
ĐÃ NGU CÒN CHơi,1,1
hùng gà vl,1,1
nghiện rồi,0,0
hùng gà vãi lồn,1,1
đợi vậy nó khống chế trước chết mẹ rồi không biết nói như đúng rồi,1,1
đúng đéo biết chơi,1,1
ngu,1,1
mang tốc biến ok không mọi người,0,0
gửi tiền vô ngân hàng xong cướp ngân hàng đó thì hóa ra tự cướp tiền mình,0,0
lại núp,0,0
tham lam là dở rồi,0,0
chuyên nghiệp vl chia ra như phim luôn,1,1
bạn chí cốt,0,0
hack rồi,0,0
ngáo thế,0,1
đúng đời,0,0
vẫn xài được,0,0
cái áo của già,0,0
thẻ hỏng vẫn dùng được,0,0
Buồn nôn quá,0,0
Súng có vẻ đẹp,0,0
khẩu này nâng cấp max sát thương to cực anh à,0,0
Súng uy lực,0,0
game kinh dị hả mọi người,0,0
game hài đấy cậu,0,0
tài khéo,0,0
ác,0,0
cay,0,0
không đeo khẩu trang hả anh,0,0
anh mép hơi ẩu,0,0
Anh nào tự tin thế nhờ,0,0
Thôi xong,0,0
ủa ủa mở hội viện hả,0,0
ôn bài chăm thế,0,0
đi tù,0,0
nghĩ nó chán,0,0
thần báo,0,0
ban mấy lần mà vẫn spam thì không có ý thức rồi,0,0
bất ngờ chưa,0,0
quào,0,0
sai hết rồi,0,0
dí ác,0,0
bị dụ đấy anh ơi,0,0
khịa ác,0,0
không giòn đâu,0,0
thầy còn cổ vũ,0,0
người nhà và bảo chơi,0,0
toàn thần,0,0
bơm ác,0,0
Người không chơi thường rất sung,0,0
anh sợ à,0,0
Toàn bơm đểu thế này,0,0
thần dí kinh,0,0
không chọn là hợp lý,0,0
mé dễ nhỉ,0,0
À team kia thắng thì sống,0,0
ông kia chạy nhanh,0,0
hiểu rồi nếu team đấy thắng thì ông ý sống,0,0
trao thân gửi phận,0,0
haha,0,0
Ơ kìa,0,0
Cầu nguyện đi bạn ơi,0,0
Kéo co,0,0
Ơ kìa,0,0
căng,0,0
Ây da,0,0
Quạo,0,0
ây da,0,0
cú lừa,0,0
biết ngay mà,0,0
Căng đét,0,0
anh như giáo viên ý nhờ,0,0
đã,0,0
kinh rồi,0,0
Ông kia nhờ thầy cúng đi,0,0
chung số phận,0,0
ông lẻ như kiểu,0,0
gọi thầy lập đàn cầu khấn đi,0,0
bài học đầu tiên là đừng tin,0,0
ngồi thiền luôn mà,0,0
người chơi hệ tâm linh,0,0
2 súng 2 bên,0,0
Căng thế nhờ,0,0
spam à,0,0
em đang xem anh ơi,0,0
xem ghi bàn,0,0
em anh ơi,0,0
Anh em không spam nhé à,0,0
nhiều người bị thanh trừng vậy,0,0
tham gia thành viên còn ráng spam để bị ban,0,0
spam làm gì không biết,0,0
ơ kìa có phải gì đó không,0,0
xếp mỗi mà đứng coi thôi không nói gì chắc ngầu luôn,0,0
1 chọi 6,0,0
căng đét,0,0
hỏi vì bị lẫn tiếng chứ không phải hỏi mấy ông,0,0
mãi là anh em,0,0
quào,0,0
ái chà,0,0
Căng thế,0,0
Đỉnh,0,0
Nói rồi haha,0,0
uầy,0,0
đây rồi thanh trừng lẫn nhau rồi,0,0
Ra rìa là đỡ bị bắn,0,0
Mãi là anh em,0,0
Toàn game nhân phẩm,0,0
ở giữa dễ ăn đạn nhất,0,0
Ở giữa kiểu gì cũng chết trước,0,0
có 1 khẩu thôi ở đâu chả chết,0,0
cạy két là sếp đỉnh,0,0
Ở giữa lạc đạn cũng chết,0,0
đấm trước lấy lợi thế,0,0
vl của người âm,0,1
anh vừa đi chơi về,0,0
anh quá đáng có tâm lắm luôn,0,0
lại mất máu rồi anh ơi,0,0
cháu chào anh,0,0
Không spam các bạn ơi,0,0
nghiện rồi,0,0
ra đồ long đao này,0,0
còn chơi là còn gỡ,0,0
mở giờ này là sai rồi anh ơi,0,0
Anh ơi đừng nghiện nữa,0,0
quá đau lòng,0,0
nhạc lên anh ơi,0,0
nghiện là toang rồi,0,0
chuyên nghiệp vãi lồn chia ra như phim luôn,1,1
chán a vl,1,1
Nhạc lên anh ơi,0,0
chán a vãi lồn,1,1
éo hiểu luôn,1,1
nhìn cuốn vkl,1,1
có công mài sắt có ngày ăn bánh bao mà không có trứng cút,0,0
nhìn cuốn vãi cả lồn,1,1
ngồi vèo cái 1 tiếng chả ra mẹ gì,1,1
vãi lồn luôn,1,1
đánh rơi mấy mảnh,0,0
Mắt tôi màu xanh rồi,0,0
mất dạy vl thì kệ nó luôn đi,1,1
mất dạy vãi lồn thì kệ nó luôn đi,1,1
spam bản quyền cái đéo gì,1,1
anh không sợ bản quyền à,0,0
VỠ TAN THẬT RỒI,0,0
bất lực,0,0
CÒN GÌ ĐÂU,0,0
bỏ hết không sợ bản quyền nữa,0,0
Chán lắm rồi,0,0
a bật bài này tỉ năm rồi các bác còn spam bản quyền chịu,0,0
bài gì hay nhờ,0,0
Ơ kìa xin anh,0,0
sang chấn rồi,0,0
spam bản quyền cái đéo gì,1,1
bất lực vcl,1,1
được mấy cái máy ảnh rồi còn gì,0,0
không lòng vòng anh như hải phòng thích anh rồi phải không,0,0
thừa thì xây thêm cái nữa anh ơi,0,0
bất lực vãi cả lồn,1,1
vl được,1,1
tiền từ thiện,0,0
quay tiếp anh ơi làm thêm,0,0
coi chừng hack tiền đó à,0,0
vãi lồn được,1,1
vãi thật,1,1
Ông già noel đó,0,0
Xây chục cái cầu đi anh,0,0
Được thực sự,0,0
Đỉnh của chóp,0,0
cho anh cái địa chỉ,0,0
vãi cả lồn,1,1
nhìn đã vãi lồn,1,1
Phá kỉ lục rồi,0,0
lên đường,0,0
giàu rồi,0,0
căng mắt ra nhìn hài vãi lồn,1,1
vc,1,1
vãi cặc,1,1
thằng gà mờ,1,1
má mày nữa,1,1
anh chơi đi,0,0
phê tận nóc,0,0
chắc trận này thua,0,0
xong trận tạo team mới đi anh ơi,0,0
top thì là ok rồi,0,0
Hùng non,0,1
chơi đi top đi anh,0,0
hùng gà,1,1
anh đánh từ từ thôi,0,0
anh chơi mấy con chính trông chán lắm,0,0
anh hùng ơi,0,0
thằng lồn này,1,1
chơi đi anh,0,0
cay đỏ dái rồi à,0,0
Nét luôn,0,0
nhắc tới là hình ảnh lại hiện ra,0,0
nhìn ảnh 1 lần ám ảnh vcc,1,1
ý anh là đổ xăng hộ,0,0
đi đua xe hết rồi,0,0
bộ xương để nguyên có khi lại hay a ơi,0,0
giàu quá cũng khổ,0,0
đây rồi,0,0
đại gia nói chuyện với nhau có khác,0,0
nhìn ảnh 1 lần ám ảnh vãi cả cặc,1,1
vcl máy cày,1,1
Đua máy cày,0,0
Chỉ đường đỉnh cao,0,0
Kiếp sau,0,0
vãi cả lồn máy cày,1,1
ông cảnh sát này cũng dai vl cơ,1,1
dai như đỉa vậy,0,0
ông cảnh sát này cũng dai vãi lồn cơ,1,1
thật là vãi lồn,1,1
mày có não không mấy thằng khùng này,1,1
qua đi rừng hành được 1 game vui vcc,1,1
Mạnh quá,0,0
qua đi rừng hành được 1 game vui vãi cả cặc,1,1
chú bé đần,1,1
Cỏ vkl ra,1,1
đọc cho lẹ,0,0
bao giờ mới có máy chủ tại việt nam cho đỡ lag vậy nhỉ,0,0
Cỏ vãi cả lồn ra ,1,1
khoái khoái chảy nước miếng,0,0
em cũng vậy á,0,0
Bẻ lái tốt đấy,0,0
Khi nào thì ăn rừng khi nào thì bỏ bãi thế ông,0,0
Không gank được thì ăn rừng chứ sao hỏi ngố thế ông,0,1
anh này cơ bắp quá nhìn là muốn ra,0,0
thấy nó lốc liền không,0,0
nhìn nguyện muốn bắn tùm lum,0,1
kéo lại pha gank mid đi kìa,0,0
cả tool lốc cả né,0,0
cứ thấy ys nó lách là bảo tool vãi lồn,1,1
vãi cặc thật,1,1
thuê cày nó rẻ hơn thuê kéo đó ông,0,0
vãi cặc,1,1
nghe quả 50 tiếng oải vl,1,1
Một mình tôi,0,0
nghe quả 50 tiếng oải vãi lồn,1,1
bắn chiêu cuối như cái quần què vậy,1,1
đồ sát lực bản sau mấy con sát thủ khỏe ác,0,0
nói chung ngồi nhiều nó yếu người dã man,0,0
sao tao mãi không thoát được rank đồng 1 ông ơi,0,0
bắn chiêu cuối như cái quần què vậy,1,1
bỏ 3 năm không chơi. giờ vào rank đánh như ngáo,1,1
gáy sớm ăn gì,0,0
hài vc,1,1
mai em luyện con này thành,0,0
hài vãi cặc,1,1
2 chiêu 1 đứa vl,1,1
từ đồng 2 lên kim cương 2 lấy bao nhiêu,0,0
nó đu cái mắt tím trong bụi kìa không thấy hả,0,0
Mắt tím team nó mà,0,0
Nó rơi xuống trong bụi cỏ giữa bùa đỏ và hang rồng,0,0
Nó đu sang red nó mà,0,0
đánh 1 trận rừng đi,0,0
bí ẩn này cuối cùng cũng được giải đáp,0,0
2 chiêu 1 đứa vãi lồn,1,1
hôm nay nóng vl,1,1
ra sông bơi anh ơi,0,0
Con nào đi mid dễ lên rank nhất,0,0
Lối chơi khó chịu nhỉ,0,0
vẫn là câu chuyện nhắm mắt 5 phút,0,0
hôm nay nóng vãi lồn,1,1
dạo này lag vcl,1,1
nó cướp red rồi,0,0
giờ thích không cố định nha,0,0
con ngựa gank uy tín quá,0,0
dạo này lag vãi cả lồn,1,1
Rác vc em à. Rank gì đây mà vẫn gặp vậy,1,1
hay ghê,0,0
hay đấy mà không được bắn,0,0
Rác vãi cặc em à. Rank gì đây mà vẫn gặp vậy,1,1
sao nó ngu vậy nó vẫn nhắn tin vậy,1,1
có bạn gank 2 trận hay vl,1,1
có bạn gank 2 trận hay vãi lồn,1,1
hay ghê,0,0
hay đấy mà không được bắn,0,0
Rank gì người anh em,0,0
sao nó ngu vậy nó vẫn nhắn tin vậy,1,1
rank gì đây ông,0,0
ừ thế xin lỗi,0,0
nói ghê nhỉ ông,0,0
Đần Nói như cái đb,1,1
Đần Nói như cái đầu buồi,1,1
Team nó toàn quái vật ai cũng xanh,1,0
game này vậy mà thua à,0,0
Thấy nó chọc phát hồi cả cây máu,0,0
nay online sớm thế em,0,0
con tướng xấu vãi cả lồn,1,1
xong mẹ game rồi đù má,1,1
ad nó hai mạng đầu đường dưới khổ vc,1,1
đã thử đâu mà biết em,0,0
Thôi ạ tí lại ăn ban thì tội,0,0
ad nó hai mạng đầu đường dưới khổ vãi cặc,1,1
cháy đi thằng chó,1,1
nhục như con chó luôn,1,1
vào thẳng vòng bảng đúng không nhỉ,0,0
ác thế,0,0
tam hợp giờ yếu bỏ mẹ,1,1
Cạ nhẹ tý đi,0,0
kênh chat mất dạy vl,1,1
kênh chat mất dạy vãi lồn,1,1
má ghê vc,1,1
má ghê vãi cặc,1,1
nó đánh như nhà nó vậy đéo sợ ai,1,1
đánh hay quá,0,0
Đánh hụt không cũng thắng gg quá gà,1,1
tôi đã cười,0,0
giải trí vl,1,1
con tướng rác thật,0,1
tướng rác vl,0,1
giải trí vãi lồn,1,1
con mẹ nó khịa ghê vậy,1,1
tank mà sát thương nó kìa dm vl,1,1
tank mà sát thương nó kìa địt mẹ vãi lồn,1,1
cười đểu quá ông ơi,0,0
nói về quốc nhục thì tất cả bọn ở đây đều giống nhau cả thôi,1,0
quần què gì vậy,1,1
cơ cấu rồi,0,0
chung kết trung hàn rồi,0,0
Rác quá rác,0,1
quần què gì vậy,1,1
Bảo đéo bao giờ chuyên nghiệp được như những khu vực khác thì tự ái,1,1
mua tổ bốc thăm,0,0
nói mẹ gì vậy,1,1
có khi nào,0,0
thể thức mới này căng nè,0,0
anh 3 cầm con gì có búa ấy,0,0
ước được chọn lại,0,0
đi đường gà quá,1,1
tí nữa nó báo ngay ấy mà,0,0
chấp 3 mạng,0,0
Rồng hoá kỹ khác biệt,0,0
mùa này gánh ác,0,0
Quăng cho thì chịu,0,0
kênh chat toàn trẻ trâu,0,0
Toàn bị tâm lý,0,0
win dễ vậy thì coi chán lắm,0,0
nay lạ quá không gáy nữa à,0,0
Em đéo sợ thằng nào hết,0,1
hiểu luôn nhìn cách đánh với pick là biết buông giấu bài xuống nhánh thua đó,0,0
ông bình luận chán ghê,0,0
mấy nhóc chỉ chờ thua xong chửi,0,0
Nhờn à,0,0
Giỡn mặt,0,0
đần ác,1,1
về nước sớm chứ cố làm gì,0,0
thua cũng đúng thôi,0,0
vui ác,0,0
cười vl,1,1
cười quê vãi lồn,1,1
tuổi lồn,1,1
thế này mà đòi ăn,0,0
ẩu quá,0,0
tự tôn,0,0
cười,0,0
đập mặt thì thua,0,0
tuổi lồn,1,1
cười hả,0,0
phi tiêu lấp lánh mà,0,0
Đánh cánh dưới đỉnh thật,0,0
kém vãi cả hàng đọc tên skill còn sai,1,1
quyết đoán vkl,1,1
thua rồi,0,0
quyết đoán vãi cả lồn,1,1
ác vl,1,1
mượt ác,0,0
ông nội đánh cháu,0,0
ác vãi lồn,1,1
Tôi ấn tượng với lối chơi của,0,0
bọn này đần,1,1
bọn đần có khác,1,1
xem 3 ván rồi đi ngủ là đẹp,0,0
quảng cáo chuột à,0,0
khen xong quăng vc,1,1
chạy nhanhh quá cũng không tốt,0,0
khen xong quăng vãi cặc,1,1
bọn nó spam cho mà biết mà nghĩ chứ đụ mẹ bình luận như này ai nuốt nổi,1,1
nói câu được câu chăng,0,0
giấu bài thôi vào vòng bảng đánh khác ngay,0,0
ngắn lưỡi bình luận nghe khó chịu vcl,1,1
ngắn lưỡi bình luận nghe khó chịu vãi cả lồn,1,1
chưa có đồ hoàn thiện,0,0
thế mà cũng chê thì cũng chịu các bố thật,0,0
ghê đấy,0,0
Già nhưng ngon,0,0
mấy cái máy phía sau chắc xịn lắm nhỉ,0,0
thủ chán thế,0,0
già thì vãi lồn,1,1
Em thấy con nó rất là hãm lồn luôn,1,1
còn con kia thì đéo đánh,0,1
em thấy con không có một cái tác dụng gì luôn á,0,0
vô dụng,0,0
Đổ mồ hôi rồi à,0,0
Ad nói nhiều vl,1,1
Ad nói nhiều vãi lồn,1,1
ác vl toàn cho con hy vọng,1,1
ác vãi lồn toàn cho con hy vọng,1,1
dcm sao,1,1
địt con mẹ sao,1,1
bảo chấp mày ván win,0,0
nay đánh tốt ghê,0,0
hóa quỷ,0,0
Hết máu cmn rồng gì nữa,1,1
biết ăn rồng rồi hả,0,0
Hết máu cmn rồng gì nữa,1,1
thì đánh đấm cái quần qùe gì,1,1
ngày đầu hơi cùi mà càng coi càng thấy ok nha,0,0
bọn lạc quan quá,0,0
ưng lắm,0,0
thì đánh đấm cái quần què gì,1,1
Nói thật nha nay đánh đần ác,1,1
xem đã mắt thật sự,0,0
Cướp này,0,0
đậu lồn,1,1
kiểm tra đội hình rồi,0,0
lại bắt đầu rồi đấy,0,0
Khéo lật kèo thật,0,0
Loại sớm cho đỡ đau đầu,0,0
Chơi combat tổng rồi,0,0
thua thì thôi sợ gì có phải loại luôn đâu,0,0
trận này 1 mất 1 còn mới hay này,0,0
vô hang hết mẹ rồi hả,1,1
đần vãi,1,1
niềm tự hào châu âu,0,0
Tay run rồi,0,0
sân khấu đẹp,0,0
Nói đi nói lại đm,1,1
Nói đi nói lại địt mẹ,1,1
Kháp kháp cc,1,1
Kháp kháp cc,1,1
bình luận hài vl,1,1
đọc bài à,0,0
bình luận hài vãi lồn,1,1
nói nói clg,1,1
nói nói cái lồn gì,1,1
mẹ đọc chính tả à,1,1
kể chuyện à,0,0
Buồn ngủ quá lũ đần,1,1
bình luận hay trả bài vậy cha,0,0
bối rối vl vậy,1,1
bối rối vãi lồn vậy,1,1
ác vl,1,1
xíu nó bắn hết,0,0
ác vãi lồn,1,1
cái lồn gì thế bạn đi,1,1
thả tiếp clm,1,1
thả ác vậy,0,0
rồi xong,0,0
má thả 3 con mạnh luôn chứ,0,1
thả tiếp cái lồn má,1,1
Vẫn nhả dkm,1,1
Quy luật chiến thắng đã được xác định,0,0
Vẫn nhả địt con mẹ,1,1
đụ má chưa sợ sao còn thả,1,1
rồi luôn,0,0
Tôi không đoán ai thắng nữa tôi đoán trận này,0,0
thôi xong,0,0
4 nô lệ rồi,0,0
đúng rồi giấu bài thôi,0,0
hảo lạc quan,0,0
Thăng làm vua thua thì về nhì,0,0
Đánh bẩn mắt,0,0
đánh top thua mọi kèo thì sao mà chơi,0,0
thua 100 con lính thì chơi bời gì,0,0
chung kết nó chán,0,0
vãi lồn tí ad không được bắn thì hiểu vì sao,1,1
mấy bọn cắn nhau cười vl,1,1
mấy bọn cắn nhau cười vãi lồn,1,1
Đm Game,1,1
thắng kêu out trình làm bố thua kêu nhả đúng đần,0,1
Đù má Game,1,1
đéo hiểu sao mà thua cho bằng được,1,1
tạ vc,1,1
tạ vãi cặc,1,1
Quá dốt,1,1
Hơn tiền rồi đánh gì nữa bán độ vl,1,1
khóc,0,0
hack não,0,0
Hơn tiền rồi đánh gì nữa bán độ vãi lồn,1,1
cướp cc,1,1
xiếc khỉ,0,0
nhờn,0,0
Non vãi lồn,0,1
cướp con cặc,1,1
clm mạnh nhất từ trước tới giờ đây à,1,1
2 ván không ăn được con rồng nào,0,0
cái lồn má mạnh nhất từ trước tới giờ đây à,1,1
đcm đúng giải ao làng,1,1
địt con mẹ đúng giải ao làng,1,1
Rừng không biết gank đánh vc gì,1,1
Rừng không biết gank đánh vãi cặc gì,1,1
ra thế giới bao mùa cái sợi dây kinh nghiệm rút gần đứt mẹ rồi mà vẫn gà vcl,1,1
lên cả nhẫn,0,0
bỏ rồng cho chuyên nghiệp à,0,0
ra thế giới bao mùa cái sợi dây kinh nghiệm rút gần đứt mẹ rồi mà vẫn gà vãi cả lồn,1,1
Quốc nhục,1,1
Nhục nhã,1,1
con bản nảy rừng bá quá,0,0
đánh ác vc,1,1
Team tạ quá,0,0
đánh ác vãi cặc,1,1
game late mạnh vc,1,1
ban huấn luyện mạnh nhất hẳn là mạnh dữ chưa,0,0
game late mạnh vãi cặc,1,1
thua bạc nhược vcl,1,1
Là chuyên nghiệp dữ chưa,0,0
cười,0,0
2 trụ mid quá lời,0,0
thua bạc nhược vãi cả lồn,1,1
má nó bình luận vãi lồn,1,1
quá là out trình,0,0
thua thì nín,0,0
nhả 1 trận xong 2 trận sau nhả tiếp,0,0
thôi thì có thực lực mới đáng buồn chứ không có thực lực thì mình không có gì phải buồn cả nhé,0,0
tấu hài vãi cặc,1,1
chơi cặc gì cái mid không có 1 con mắt,1,1
thanh tẩy ác,0,0
không lẽ cấm em băng trụ mấy pha đó,0,0
chơi cặc gì cái mid không có 1 con mắt,1,1
Ngố vc,1,1
Ngố vãi cặc,1,1
cười cc gì vậy,1,1
khùng hả,0,1
giải đi bộ vuốt râu,0,0
cười con cặc gì vậy,1,1
vcl hay vậy,1,1
vãi cả lồn hay vậy,1,1
Bao cát,0,0
nhường đấy,0,0
lại lùa gà rồi,0,0
như 1 bao cát,0,0
mấy game này chơi tùy tâm lí nữa nên không biết trước được đâu,0,0
gà vãi,1,1
thằng đần kia đâu,1,1
khán giả ồn thế,0,0
khán giả cháy vl,1,1
khán giả cháy vãi lồn,1,1
Ồn vcl,1,1
thua là gặp đúng không nhỉ,0,0
gào ác,0,0
Ồn vãi cả lồn,1,1
Nói chuẩn vl,1,1
báo thủ,0,0
láo này,0,0
tê liệt,0,0
báo nữa rồi,0,0
tự hủy,0,0
lấy tốc biến về được rồi,0,0
Nói chuẩn vãi lồn,1,1
đần đéo chịu được,1,1
đần đéo chịu được,1,1
vừa mới nói gậy xong đm,1,1
vừa mới nói gậy xong đù má,1,1
chú bé đần,1,1
thanh niên đi rừng gà nhất thế giới bộ môn,1,1
đánh láo,0,0
anti gáy sớm,0,0
2 thằng này bình luận dở quá,0,0
tham thì thâm,0,0
láo quá láo,0,0
ham ăn tục uống,0,0
Báo vãi cả lồn,1,1
đần,1,1
né ác,0,0
Anti gáy sớm nhỉ,0,0
lại hiến tế rồi,0,0
gặp bố rồi,0,0
Ẩu vcl mất con mắt vô bãi sói ạ,1,1
Mới ăn có chiến công đầu gáy sớm vậy,0,0
chung kết nhánh thắng mà chán thế,0,0
báo ác,0,0
Lấy tốc biến đi là được rồi,0,0
Ẩu vãi cả lồn mất con mắt vô bãi sói ạ,1,1
cứu thọt cmn,1,1
Lấy tốc biến được rồi còn tốc theo vãi lồn,1,1
uống cà phê luôn,0,0
thua có một mạng bảo out rừng,0,0
đánh khép vòng rừng xuống dưới cover cho đẩy là ngon rồi,0,0
Lấy tốc biến đc rồi còn tốc theo vãi lồn,1,1
troll vl,1,1
troll vãi lồn,1,1
giao tranh hủy cmn diệt luôn anti bất lực,1,1
thôi rồi,0,0
mở đẹp ác,0,0
giao tranh hủy con mẹ nó diệt luôn anti bất lực,1,1
đéo ai động được vào nó,1,1
Anh già bị hất liên tục,0,0
Out trình,0,0
game 1 coi như bỏ,0,0
nát,0,0
chảy cho đến chết,0,0
cười khinh bỉ,0,0
đéo ai động được vào nó,1,1
cứ choáng 2 choáng 3 thì chơi cđg nữa,1,1
cứ choáng 2 choáng 3 thì chơi cái đéo gì nữa,1,1
cười dcm,1,1
cười địt con mẹ,1,1
Lật sao nổi nữa,0,0
anti chui ra hang rồi nè,0,0
mua giải bẩn vãi lồn,1,1
mấy cháu anti khóc đi,0,0
chưa chắc đã win đâu,0,0
báo ác vãi cặc,1,1
vl đồng nguyên ấn để thì đần vl,1,1
Mấy bố xàm,0,0
hôm nay quá tệ,0,0
cuối game vỡ mồm,0,0
bọn này bán độ rồi,0,0
cứu thầy mấy đứa,0,0
trận này thót tim vl,1,1
trận này thót tim vãi lồn,1,1
thôi mấy ông mấy ông đánh đâu mà nhảy lên đầu lên cổ người ta mắng chửi vậy họ cổ vũ ai kệ họ chứ văn minh đi làm xấu hình ảnh vc,1,1
thôi mấy ông mấy ông đánh đâu mà nhảy lên đầu lên cổ người ta mắng chửi vậy họ cổ vũ ai kệ họ chứ văn minh đi làm xấu hình ảnh vãi cặc,1,1
trận này cho chơi nữa thì dcm chỉ có bán độ,1,1
trận này cho chơi nữa thì địt con mẹ chỉ có bán độ,1,1
Mấy con vào ăn hôi chứ mẹ gì,1,1
vô địch vòng bảng anh em yên tâm,0,0
hay vậy,0,0
Thằng cháu không gánh nổi,0,0
Thua là về nước nhánh thua gì trời,0,0
bán độ rồi,0,0
Xuống nhánh thua,0,0
già rồi,0,0
vậy là cút chưa anh em,0,0
nhánh thua thắng gặp nhau tiếp anh em nhé,0,0
đánh chán thực sự nhất là 2 ván cầm cung,0,0
có thêm bố,0,0
4 vs 5 đúng tê liệt,0,0
gặp top đầu toàn thành mèo mướp,0,0
Tê liệt đâu rồi chắc cay quá,0,0
vãi thật mới 1 game,1,1
làm mấy quả ác vl,1,1
đâu rồi,0,0
ngu vc pick toàn thua rồi vẫn pick tiếp,1,1
nhánh thắng phải không anh em,0,0
Đổi đường cái đi thọt 2 thằng luôn,0,0
Nghe nó nói mà mắc mệt,0,0
lưỡi ngắn mà nói nhiều,0,0
out trình,0,0
Không lượm sứ giả luôn,0,0
hay nha,0,0
vấn đề kĩ năng,0,0
vc sứ giả,1,1
vãi cặc sứ giả,1,1
Ad ngáo,1,1
xong game,0,0
ở nhà đánh đánh cl à,1,1
ở nhà đánh đánh cái lồn à,1,1
toàn feed cho chủ lực bên đánh cc gì nữa,1,1
toàn feed cho chủ lực bên đánh con cặc gì nữa,1,1
đéo hiểu sao thua pha đó,1,1
năm sau đánh nha,0,0
đéo hiểu sao thua pha đó,1,1
nói lắm vl,1,1
10 câu vấp hết 11 không còn lời nào diễn tả,0,0
giờ hiểu sao bị chửi rồi,0,0
nói lắm vãi lồn,1,1
thằng đần gánh team,1,1
gg bớt chết nhảm đi bao nhiêu lợi thế,0,0
Mất trụ lại bảo húc thêm,0,0
cay đéo gì tụi tao đang đi nhánh thắng,1,1
nhầm thôi gì căng,0,0
mấy ông cũng quá đáng vl vui nhưng chọc vừa thôi ổng sắp khóc mẹ luôn,1,1
mấy ông cũng quá đáng vãi lồn vui nhưng chọc vừa thôi ổng sắp khóc mẹ luôn,1,1
tính ra đang bênh xong cái ổng nói người ta nói quá tao mất hảo cảm cmn,1,1
tính ra đang bênh xong cái ổng nói người ta nói quá tao mất hảo cảm con mẹ nó luôn,1,1
như nào đéo cần biết cứ thua là tụi mày cho đần,1,1
con này răng thỏ hài vãi,1,0
nó múa kìa,0,0
ác,0,0
nó đánh ác,0,0
thằng nào phán em được rồi nổ của vô nói lại coi,0,0
sao không lên huyết kiếm,0,0
không đánh thường được thì huyết kiếm chi,0,0
Game gì mà nay mặt căng vậy,0,0
Nhưng mà lúc đó nói theo kiểu giỡn ấy anh,0,0
lên đại bác á anh,0,0
chưa vào lúc chót ai lại đem bài ra,0,0
con xe nổ tung luôn mà,0,0
huyết kiếm hút được cc mà hút,1,1
bọn này đá map rồi đó,0,0
có thật sự biết chơi không,0,0
sao ko kêu nó hất tung luôn đi,0,0
Game nó sinh quái ngẫu nhiên thôi anh,0,0
cháy quá cháy,0,0
bệnh thiểu năng có thể lây qua đường nha anh em,0,0
nói thì có thể nói tiếng nhưng viết thì nên viết chuẩn mực nha,0,0
toàn dạy tuyển thủ chơi game thôi,0,0
bắp cải,0,0
ông này là mà có phải tuyển thủ đâu,0,0
tuyển thủ nào chứ tuyển thủ này có đọc cập nhật bao giờ đâu,0,0
ông là diễn viên hài mà,0,0
Ghê,0,0
huyết kiếm hút được con cặc mà hút,1,1
ngon vcl,1,1
nhìn ông đuối sức rồi ít nói rồi,0,0
chơi con này mỗi lần hồi máu là phải kêu lên vậy á hả anh em,0,0
ngon vãi cả lồn,1,1
nay anh em xem đông thế nhỉ mà đéo thèm thích,1,1
con này đâu có thuần hồi máu đâu mà kêu mạnh muốn mạnh thì pick các kiểu chứ mấy ba nội,0,0
con này lên thông đạo mạnh nè,0,0
như hừng đông hay gì lâu vl,1,1
cưa ghế võ thuật lạc đà,0,0
Chúng mày bị mù chữ à ghi đánh kìa,1,1
xem mấy anh hề đánh thôi nào,0,0
đánh ngu xong kêu nhường ba mẹ không dạy mày cách khiêm tốn à hay ba mẹ mày chết rồi,1,1
mấy bữa nay giả làm fan trung lập đi tự nhục kinh lắm,1,1
tối mai đánh nha anh em,0,0
sáng mai đánh nhé anh em,0,0
ngồi đấy mà chê mấy thằng tiêu chuẩn kép còn hơn nước nhà không phát triển,0,0
đứng hình luôn mà,0,0
bọn ngu đâu ra,1,1
win nhé,0,0
Bên kênh quốc tế toàn thấy spam ạ,0,0
đánh như nghiệp dư,0,0
Tông mù mắt,0,0
cút rồi,0,0
ngu điên,1,1
mấy team này gặp chắc chịu không nổi quá,0,0
Hết chiêu vẫn đứng ăn sứ giả,0,0
Trượt kìa,0,0
húc mù mắt,0,0
nó trúng kêu hụt xem lại đi mấy thằng ngu,1,1
ủa con sứ giả,0,0
đần thối,1,1
nhìn đánh đúng đần như rank vàng,1,1
húc ngu,1,1
chờ đi đang chuẩn bị hồi tưởng,0,0
Không thể hụt hơn,0,0
không ăn mắt,0,0
đánh như mấy thằng,0,0
2 thằng bình luận viên của đống rác liên quân chuyển qua hay gì vậy,0,1
outplay gì out trình thì có,0,0
out top,0,0
vl 1 đống người mà xài chiêu hụt,0,0
càng ngày càng yếu,0,0
húc trúng mà,0,0
mấy cha này đi lẻ vl đánh gì nữa,1,1
mấy cha này đi lẻ vãi lồn đánh gì nữa,1,1
nó đọc anh như đúng rồi mấy thằng ngu tự nhục,1,1
Quê,0,0
win 2 trận trước là lượm hả anh em,0,0
nhìn map xấu nhỉ không đẹp như bên,0,0
sao chiêu cuối không xoay luôn vậy,0,0
anh em đánh ác thế,0,0
đánh như này thua,0,0
mấy thằng này gặp là đái,0,0
Bình luận chán quá,0,0
không coi thì chịu vào hang giùm tao cái thò đầu ra cắn rồi lại chui vào để làm gì vậy không thấy người khác chửi mà tự nhục bản thân hả anti,1,1
đỉnh cao,0,0
đéo bỏ 1 đồng cứ chê thôi mõm là giỏi,1,1
sân khấu đỉnh,0,0
lần đầu trên trường quốc tế nha,0,0
clm thằng bình luận viên,1,1
cố nên các con trai ngoan của ta,0,0
cái lồn má thằng bình luận viên,1,1
vãi game 1 bị nó bắn vô mồm mà vẫn nhả cho chơi kìa,1,1
vl nhìn giống cống ngầm vậy,1,1
chắc suất vô luôn ấy,0,0
Có đánh mới cảm xúc,0,0
Cho hỏi có được đánh không,0,0
mai đánh với nha,0,0
sân khấu đẹp vậy,0,0
không đánh hả mọi người,0,0
đồ hoạ độc lạ quá,0,0
lại chê,0,0
tao không chê sân khấu nhưng giao diện trông như của thập niên dạo này như hạch,0,0
chúng mày là nhất bố mày xin thua ok chưa,0,0
đấm nhau rồi,0,0
vãi lồn nhìn giống cống ngầm vậy,1,1
ngu như bò,1,1
thằng này bình luận ngu vcl đéo hiểu sao cho nó bình luận,1,1 
mũ tử thần thì cũng chịu rồi,1,0
rén rồi,0,0
Sức mạnh tình bạn chỉ có trong thôi,0,0
không sao đi du lịch cũng được còn được bắn ít tiền dùng,0,0
có 1 suất thôi hả anh em,0,0
thằng này bình luận ngu vãi cả lồn đéo hiểu sao cho nó bình luận,1,1
mũ tử thần thì cũng chịu rồi,1,0
Đần vcl,1,1
Đần vãi cả lồn,1,1
phế điên,1,1
má cái áo kìa,0,1
clm tài trợ nhiều thế,1,1
cái lồn má tài trợ nhiều thế,1,1
mạng như cặc,1,1
nãy giờ thua rồi,0,0
nhiều nhà tài trợ thế,0,0
1 trận cút luôn,0,0
nhận được bao nhiêu tiền vậy,0,0
má sp như lồn,1,1
má sp như lồn,1,1
Địt mẹ chúng mày bán độ lộ lắm mấy con chó này,1,1
râu nhí ngu,1,1
nhìn cái áo tài trợ kìa,0,0
Vcl nhà tài trợ,1,1
xem nhà tài trợ trên áo kìa,0,0
Huấn luyện viên chất vậy,0,0
Vãi cả lồn nhà tài trợ,1,1
con mẹ thằng này,1,1
huấn luyện viên văn phòng,0,0
Ván 1 hủy diệt ván 2 nhả tý ban đầu sau đó lật kèo giữ khán giả hết kịch bản,0,0
Hề 2 bị gạt từ đầu thì đúng là,0,0
đá gáy ác,0,0
mấy giờ đánh vậy anh em,0,0
đấm vỡ mồm nào,0,0
thì vui nhỉ,0,0
cuối cùng vẫn quay về lại,0,0
giải lớn cho ông out được không,0,0
chiến quá,0,0
huấn luyện viên nhìn chất ác,0,0
cha nội ngọng bình luận chả hiểu gì,0,0
nó đần lắm đừng có theo,1,1
đánh chán thế,0,0
thằng kia sủa lắm thế,0,1
nụ cười đã tắt,0,0
bình luận thì như cc mà tranh hết của,0,0
ngọng vl,1,1
vấp cỏ hoài vậy,0,0
ngọng vãi lồn,1,1
lồn đần nó lẹo lưỡi à,1,1
lồn đần nó lẹo lưỡi à,1,1
tấu hài vãi nồi,1,1
im đi bình luận như cl,1,1
blv lưỡi ngắn,0,1
ngậm mồm vào,0,1
học làm gì hả,0,0
im đi bình luận như cái lồn,1,1
đánh cc gì vậy,1,1
Sao mid,0,0
bình luận khá vấp,0,0
gáy xong phế nhất team,0,0
gáy với hề 2 là dở rồi,0,0
đánh con cặc gì vậy,1,1
ngu lồn,1,1
thằng ad bán độ à anh em,0,0
gáy bẩn,0,0
ngu lồn,1,1
xem giải trí vãi,1,0
xem giải trí vãi đái,1,1
Con cá sấu phế cứ gáy,1,1
gáy gáy vậy mới vui mấy ông ạ,0,0
cá sấu này mắc cạn chắc luôn,0,0
Con cá sấu phế vãi lồn phế cứ gáy,1,1
game giải trí đúng nghĩa,0,0
Ad bay ác,1,0
AD mù mắt à,0,1
thi đấu như vậy mới vui,0,0
con cặc,1,1
Ngồi với lũ nhóc hài vãi lồn,1,1
Ngồi với lũ nhóc hài vãi lồn,1,1
thua nhiều quá lấy cc lợi thế mà đòi đẩy lẻ,1,1
thua nhiều quá lấy con cặc lợi thế mà đòi đẩy lẻ,1,1
chiến thuật này sao phá,1,0
chừng nào đánh vậy anh em,0,0
vl mấy ông này,1,1
vãi lồn mấy ông này,1,1
Ngu Đần Vấp Ngọng Líu Lưỡi,1,1
đúng là mới sinh ra mà,0,0
dm đến tận không tiến bộ chả chửi trách đéo gì nữa,1,1
phải đăng ký kênh để vào bảo thằng bình viên im mồm vào,0,1
đù má đến tận không tiến bộ chả chửi trách đéo gì nữa,1,1
cay vc luôn,1,1
xịn phết,0,0
gáy nữa đi,0,0
sân khấu ở đâu vậy,0,0
cay vãi cặc luôn,1,1
out trình vcl,1,1
gg,0,0
Vấp,0,0
gặp tao thì tao cũng cay,0,0
Không cười,0,0
vấp cỏ,0,0
out trình vãi cả lồn,1,1
đánh vầy nó vả sml,1,1
Giống kết cục của,0,0
top vừa out vừa bị,0,0
đánh vầy nó vả sấp mặt lồn,1,1
Địt mẹ bọn mày,1,1
mong bình luận thêm cho tụi anti nghe chơi,0,0
thất vọng không thấy áo trắng nữa,0,0
thua xa cái sân khấu nhé,0,0
lũ súc vật đánh thì ngu đòi đi à,1,1
thua nhanh vậy,0,0
ngu vẫn cay,1,1
mai nha anh em,0,0
tối mai,0,0
thiết kế kiểu này là đẹp rồi,0,0
Còn không anh em,0,0
ăn cứt trong hang đi,1,1
tuổi lồn,0,1
đánh chung kết với,0,0
kiếp sau đánh,0,0
Liệu có thể ăn được với không ta,0,0
mai nha anh em,0,0
đánh vòng bảng luôn rồi,0,0
vả hết mấy thằng tự nhục,1,1
ăn mặc chán vãi lều,1,1
bỏ qua nhanh để xem đánh,0,0
hỏi ngu vcl,1,1
hỏi nqu vãi cả lồn,1,1
nói cc gì vậy,1,1
2 ông kìa thì chịu,0,0
hỏi nhảm,0,0
Hỏi như không hỏi,0,0
nói con cặc gì vậy,1,1
đọc bảng xếp hạng còn không xong thề chán vãi nhái,1,1
nói như nói,0,0
hỏi gì khó hơn đi,0,0
team xiếc hạng 7 à,0,0
đần chuẩn bị đái,0,1
bộ 3 huỷ diệt,1,0
bình luận viên chán òm,0,0
bú đá nay lại không làm anh em thất vọng với những câu hỏi hỏi cũng như không,1,0
Cho cái đội thua từ đầu đến cuối vào đánh giảm hết cả chất lượng,0,0
Mang đến với chúng tôi,0,0
tới chơi,0,0
xem chán ỉa,0,1
vui vl,1,1
thắng nhưng khóc,0,0
mang đến đây,0,0
đánh thua mấy thằng nhỏ là có thật,0,0
THẮNG làm VUA THUA nghe SỦA,0,1
vui vãi lồn,1,1
trận 1 chọn xem chán vc đánh từ đầu có phải ngon không,1,1
3 gà thở oxy,0,1
vô địch rồi,0,0
có nữa trùm luôn,0,0
trận 1 chọn xem chán vãi cặc đánh từ đầu có phải ngon không,1,1
out trình vc,1,1
tối nay nằm ngủ mơ thấy của,0,0
tưởng thê nào,0,0
Thua game tại thằng chứ ai,0,0
về là đẹp,0,0
ước gì được chọn đi kìa,0,0
trận đấu hay tao fan trung lập nên thưởng thức trọn vẹn cặp đấu này,0,0
ước gì được chọn,0,0
tụi đâu sao không gáy nữa,0,0
cố thua game này để được chọn mà không biết dám chọn không,0,0
giống fan cỏ quá haha,0,0
MẤY CON GÀ ĐÂU RỒI,0,1
nhanh con kịp,0,0
game 1 cứ anh em all vào,0,0
không có thì không xem,0,0
ra bố gặp,0,0
con bắt đầu lờ đờ đi ra khỏi hang tìm đường cứu,0,0
mấy đứa bảo fan chẳng qua là anti fan của thôi mấy con gà,0,1
Bố đây con,0,0
alo cho hỏi sao hôm nay đánh trễ vậy,0,0
thà cho được đi đánh còn thú vị hơn để thằng già hết thời làm cầm mỏ neo đi bộ vuốt râu nhìn bẩn mắt thật,0,0
bị đá hả anh em,0,0
cho hỏi chừng nào mới đánh vậy,0,0
Không có không coi,0,0
Toàn các bố của fan đây rồi,0,0
Vẫn như mọi khi mà trễ gì,0,0
đần bị sút,0,1
mới đánh mà,0,0
nhạc tẩm đá,0,0
gà quá không có triển vọng nên out,0,1
nhạc đoạn này là gì vậy anh em,0,0
out trình vãi cặc,1,1
nhạc năm nay nghe củ chuối vc,1,1
Mất như mất sức mạnh,0,0
Tin hot chuyển nhượng,0,0
nỏ tử thủ sao còn là thần thoại nhỉ,0,0
hiện nguyên hình à,0,0
gặp ông nội,0,0
Bọn tàu có vẻ quyết tâm lắm,0,0
nhà chính chưa nổ chưa dừng farm lính đâu,0,0
nhạc năm nay nghe củ chuối vãi cặc,1,1
Mới ván 1 mấy cha um sùm vkl,1,1
nhịp thở,0,0
thằng nay biết chơi game rồi,0,0
đánh méo có áp lực luôn,0,1
tỉ số thế nào rồi,0,0
thua tụt quần vậy là chênh có,0,0
Người duy nhất cứu được là,0,0
nay gặp bố rồi,0,0
cháu nội đánh với cháu ngoại,0,0
thua rồi,0,0
không có cung phong linh để tự vấp rồi,0,0
giao tranh ngon,0,0
lát thằng vấp cỏ này,0,0
Mới ván 1 mấy cha um sùm vãi cả lồn,1,1
sp ăn 2 mạng phí vãi cặc,1,1
top lắc bụng sp lắc đít là vô thế liền,0,0
không phải,0,0
gặp ô nội chứ không phải bố nữa,0,0
giờ chỉ có ad của nhập vào mới win combat,0,0
toàn huấn luyện viên,0,0
chờ vấp cỏ thôi,0,0
dịch chuyển vãi lồn,1,1
năm nay hay,0,0
ngu vào xem ăn hành,1,1
thanh tẩy lấy kìa hỏi gì,0,0
khóa cái kênh chat được rồi đó,0,0
Bình luận vô nghĩa quá nói 1 mớ xong làm sao thì không biết,0,0
khi nào đánh,0,0
dịch chuyển vãi lồn,1,1
nói cái lồn gì thế,1,1
cay,0,0
nói cái lồn gì thế,1,1
đần,1,1
ghê vậy,0,0
đần đánh con tù thua 3 game liên tục,0,1
lắm thế không biết chơi sách phép à,0,0
làm cc gì vậy,1,1
làm con cặc gì vậy,1,1
học dốt không lên sách,1,1
không còn tâm trạng con chuối luôn,0,0
pick đội hình y chang mà đánh thì như cái lồn,0,1
hàn tự sục không cho khu vực khác tham gia rank hàn giờ thua luôn thì hay biết mấy,0,0
2 khu vực khác nhau thì không có vụ bán đâu,0,0
đần trong vai và kiếp nạn của ngu,0,1
mở rộng,0,0
Tao có khiên,0,0
lạ quá,0,0
Bắn ác vậy,0,0
bắn đau vãi,1,0
chiến ác,0,0
bắn ác đây,0,0
kéo,0,0
Tụi còn đéo thèm cấm đấy chứ,0,1
vkl kéo,1,1
anh bạn à,0,0
vãi cả lồn kéo,1,1
chán vc,1,1
chán vãi cặc,1,1
sp nó làm cái gì vậy,1,1
bị cấm sao nó sử dụng vậy,0,0
nhìn đần ác,1,1
gáy to vl,1,1
chắc còn,0,0
đừng nhắc của tao,0,0
sao nay lại nói tiếng trung thế mọi người,0,0
xíu về đánh giao lưu thì gặt hết,0,0
đánh xúc phạm người hâm mộ quá,0,0
thì truyền thống ra quốc tế lót đường mà,0,0
gáy to vãi lồn,1,1
khéo vô địch thì đội nào chung nhánh đều vô địch bùa lợi mạnh vkl,1,1
khéo vô địch thì đội nào chung nhánh đều vô địch bùa lợi mạnh vãi cả lồn,1,1
tao bảo rồi thua 30 thì nhục vcl,1,1
hay quá,0,0
tao bảo rồi thua 30 thi nhục vãi cả lồn,1,1
Sao béo vậy nhỉ ăn nhiều vc,1,1
gáy to quá con nghe ngứa tai,0,0
hiến tế bé đậu rồi nhận lại được gì,0,0
Sao béo vậy nhỉ ăn nhiều vãi cặc,1,1
hay vc,1,1
hay vãi cặc,1,1
mày điên à,1,1
mày có mắt không bị khùng hay gì,1,1
khùng hết sức tưởng tượng,1,1
vừa ngu vừa óc,1,1
team siêu óc,1,1
toàn lũ điên khùng gáy là giỏi,1,1
não lồn vãi cặc,1,1
lũ súc vật này đánh kiểu gì thế,1,1
không đánh thì cút,1,1
ngáo lồn hả tụi óc,1,1
điên hả,1,1
thằng khùng tự dưng cắn bậy,1,1
nó bị ngu ấy mà,1,1
đéo biết ăn rồng hả,1,1
lao vào mà đánh sợ chết hả thằng ngu,1,1
ad team tao bị điên nha,1,1
